156.2310944,15615,170460272,203227744,203161488,170393344,-82.56461334,-78.31216431
156.2733154,15619,170460176,203227840,203161584,170393232,-82.30505371,-78.51428223
156.2779999,15619,170460064,203227456,203161184,170393104,-81.93249512,-78.34098816
156.2310944,15615,170460448,203227536,203161312,170393504,-83.72328186,-78.65769196
156.2733154,15619,170460336,203227696,203161424,170393376,-82.61746216,-78.21452332
156.245163,15616,170460208,203227792,203161552,170393264,-82.69390869,-78.28353119
156.2357941,15615,170460080,203227408,203161168,170393136,-83.16073608,-78.61513519
156.2357941,15615,170460464,203227520,203161296,170393520,-82.95568848,-78.61898804
156.1888885,15610,170460320,203227648,203161440,170393408,-82.67523193,-78.44154358
156.3014526,15622,170460224,203227808,203161536,170393248,-82.30058289,-78.10531616
156.287384,15620,170460096,203227424,203161152,170393120,-82.1966095,-77.98545074
156.2357941,15615,170460464,203227536,203161296,170393520,-83.2492981,-78.52747345
156.2592316,15617,170460336,203227664,203161424,170393376,-82.74873352,-78.16738892
156.2217102,15614,170460192,203227808,203161568,170393248,-83.5457077,-78.72627258
156.2310944,15615,170460048,203227456,203161200,170393120,-81.91818237,-78.23387909
156.2404785,15616,170460432,203227584,203161328,170393488,-82.31909943,-78.45079803
156.2264099,15614,170460272,203227728,203161488,170393344,-82.17736053,-78.08823395
156.2029572,15612,170460128,203227360,203161120,170393200,-82.60175323,-77.93907166
156.2779999,15619,170460512,203227488,203161248,170393552,-82.54685211,-78.83627319
156.2639313,15618,170460352,203227648,203161408,170393408,-82.2603302,-78.34098816
156.2826843,15620,170460208,203227824,203161552,170393232,-82.84011841,-78.16738892
156.2592316,15617,170460544,203227456,203161216,170393600,-82.17037964,-78.49739075
156.2123413,15613,170460384,203227600,203161376,170393456,-82.74216461,-78.35002899
156.245163,15616,170460240,203227760,203161520,170393296,-82.32926941,-78.58826447
156.2310944,15615,170460080,203227408,203161168,170393136,-83.30782318,-78.56156158
156.245163,15616,170460432,203227568,203161328,170393472,-82.25136566,-78.59209442
156.2357941,15615,170460256,203227744,203161504,170393328,-82.97914124,-78.45726776
156.2545471,15617,170460096,203227392,203161152,170393168,-82.90102386,-78.76197052
156.2217102,15614,170460432,203227568,203161328,170393504,-82.28934479,-78.68891144
156.2639313,15618,170460272,203227744,203161488,170393312,-83.05960083,-78.41204834
156.2826843,15620,170460112,203227408,203161136,170393168,-82.42170715,-78.45450592
156.2733154,15619,170460448,203227552,203161312,170393488,-82.4216156,-78.84033203
156.2498627,15616,170460272,203227744,203161488,170393328,-83.48397064,-78.58634949
156.2592316,15617,170460064,203227424,203161184,170393120,-82.969841,-78.31216431
156.2826843,15620,170460432,203227600,203161328,170393472,-82.89472961,-78.69282532
156.2779999,15619,170460256,203227760,203161504,170393280,-82.28308868,-78.5388031
156.245163,15616,170460064,203227440,203161184,170393120,-82.44665527,-78.8342514
156.2217102,15614,170460368,203227616,203161392,170393440,-83.77227783,-78.86268616
156.2264099,15614,170460176,203227824,203161584,170393248,-83.08821106,-78.16391754
156.2639313,15618,170460512,203227488,203161248,170393552,-82.61976624,-77.96717072
156.2217102,15614,170460320,203227680,203161440,170393392,-82.64170837,-77.9160614
156.2217102,15614,170460128,203227360,203161120,170393200,-82.67721558,-77.9160614
156.287384,15620,170460464,203227552,203161296,170393488,-83.47712708,-78.51428223
156.2826843,15620,170460272,203227744,203161488,170393296,-83.43978119,-78.49925995
156.2545471,15617,170460064,203227440,203161184,170393120,-83.36663055,-78.33737183
156.2733154,15619,170460384,203227632,203161376,170393440,-82.35411835,-78.68108368
156.245163,15616,170460176,203227824,203161584,170393232,-82.51026917,-78.76396179
156.2310944,15615,170460496,203227520,203161264,170393552,-82.4475174,-78.60935974
156.2826843,15620,170460288,203227744,203161472,170393328,-82.79048157,-78.52935791
156.2779999,15619,170460080,203227424,203161168,170393120,-83.09909058,-78.34460449
156.2779999,15619,170460384,203227632,203161376,170393440,-83.04026794,-78.19176483
156.2733154,15619,170460192,203227824,203161568,170393248,-82.49042511,-78.96196747
156.287384,15620,170460496,203227552,203161264,170393536,-82.43325043,-78.46379852
156.2264099,15614,170460256,203227728,203161504,170393328,-83.10095978,-78.44338989
156.2264099,15614,170460064,203227424,203161184,170393136,-83.20506287,-78.51616669
156.2592316,15617,170460368,203227648,203161392,170393408,-82.16675568,-78.41020966
156.2686157,15618,170460144,203227360,203161104,170393200,-82.60375214,-78.26040649
156.2545471,15617,170460464,203227568,203161296,170393520,-83.1263504,-78.35546875
156.2498627,15616,170460240,203227760,203161520,170393280,-82.51522064,-78.76197052
156.2639313,15618,170460032,203227488,203161216,170393088,-82.96151733,-78.53313446
156.2733154,15619,170460320,203227696,203161440,170393376,-83.30823517,-78.16044617
156.2310944,15615,170460080,203227392,203161168,170393136,-82.63839722,-78.44709778
156.2686157,15618,170460400,203227632,203161360,170393440,-83.26295471,-78.21452332
156.2826843,15620,170460176,203227856,203161584,170393232,-82.43685913,-78.35184479
156.2310944,15615,170460448,203227552,203161312,170393520,-83.26137543,-78.41572571
156.2779999,15619,170460240,203227792,203161520,170393280,-82.4785614,-78.50113678
156.2592316,15617,170460528,203227488,203161232,170393584,-83.67927551,-78.5086441
156.2217102,15614,170460288,203227712,203161472,170393344,-83.07819366,-78.71443939
156.2310944,15615,170460064,203227424,203161184,170393120,-82.36519623,-78.81002045
156.2779999,15619,170460336,203227680,203161424,170393392,-82.62678528,-78.21628571
156.3061371,15622,170460128,203227408,203161120,170393152,-82.36305237,-78.43784332
156.2639313,15618,170460384,203227632,203161376,170393440,-83.1889801,-78.1795578
156.2826843,15620,170460144,203227360,203161104,170393184,-82.43608093,-77.90133667
156.2170258,15613,170460416,203227600,203161344,170393488,-82.5962677,-78.45450592
156.2545471,15617,170460176,203227840,203161584,170393232,-82.09030914,-78.31755066
156.2779999,15619,170460464,203227568,203161296,170393504,-83.3121109,-78.49925995
156.2357941,15615,170460208,203227808,203161552,170393280,-82.44277191,-77.95392609
156.2592316,15617,170460480,203227536,203161280,170393536,-82.47717285,-78.37364197
156.2826843,15620,170460256,203227760,203161504,170393280,-82.8008194,-78.68695068
156.245163,15616,170460496,203227520,203161264,170393552,-82.36698151,-78.57489014
156.3014526,15622,170460272,203227776,203161488,170393312,-82.16467285,-78.38092804
156.2779999,15619,170460528,203227504,203161232,170393584,-83.17445374,-78.18304443
156.2076416,15612,170460256,203227744,203161504,170393328,-83.47138977,-78.56917572
156.2592316,15617,170460528,203227488,203161232,170393584,-83.54632568,-78.55206299
156.2404785,15616,170460272,203227744,203161488,170393344,-82.50885773,-78.02728271
156.2498627,15616,170460528,203227488,203161232,170393600,-83.24758911,-78.47682953
156.287384,15620,170460288,203227744,203161472,170393328,-83.22312927,-78.46379852
156.2967682,15621,170460544,203227488,203161216,170393568,-82.58245087,-78.07291412
156.3014526,15622,170460272,203227760,203161488,170393312,-82.73112488,-78.20926666
156.2357941,15615,170460528,203227488,203161232,170393600,-83.39754486,-78.54637909
156.2826843,15620,170460272,203227760,203161488,170393328,-82.97518158,-78.00045776
156.2404785,15616,170460512,203227488,203161248,170393568,-83.89252472,-78.85250854
156.2498627,15616,170460240,203227760,203161520,170393296,-82.32307434,-78.49177551
156.287384,15620,170460496,203227536,203161264,170393536,-82.94054413,-78.68891144
156.2686157,15618,170460208,203227808,203161552,170393264,-83.41957855,-78.5634613
156.245163,15616,170460448,203227552,203161312,170393504,-84.04499054,-78.70656586
156.2639313,15618,170460176,203227840,203161584,170393232,-82.46842194,-78.49177551
156.2639313,15618,170460416,203227616,203161344,170393472,-82.46854401,-78.1778183
156.3061371,15622,170460144,203227376,203161104,170393168,-83.24716187,-78.37364197
156.2967682,15621,170460384,203227648,203161376,170393408,-82.3992691,-78.32475281
156.2592316,15617,170460080,203227424,203161168,170393152,-83.16436768,-78.42861176
156.245163,15616,170460304,203227712,203161456,170393376,-82.20563507,-78.58826447
156.2498627,15616,170460528,203227488,203161232,170393584,-83.21748352,-78.43969727
156.2686157,15618,170460256,203227760,203161504,170393296,-82.73701477,-78.8302002
156.2686157,15618,170460464,203227552,203161296,170393504,-83.52255249,-78.37728119
156.2357941,15615,170460160,203227856,203161600,170393232,-82.94707489,-78.53502655
156.2357941,15615,170460368,203227632,203161392,170393440,-83.54741669,-78.50301361
156.287384,15620,170460096,203227424,203161152,170393152,-83.17280579,-78.47496796
156.2733154,15619,170460304,203227712,203161456,170393360,-82.95571136,-78.69674683
156.2826843,15620,170460528,203227504,203161232,170393568,-83.66452026,-78.48429108
156.2592316,15617,170460208,203227808,203161552,170393280,-82.65569305,-78.11045837
156.2545471,15617,170460432,203227600,203161328,170393488,-82.41797638,-78.3103714
156.2404785,15616,170460112,203227392,203161136,170393184,-82.53349304,-78.73616028
156.2779999,15619,170460336,203227696,203161424,170393392,-83.00710297,-78.28888702
156.2920685,15621,170460560,203227472,203161200,170393600,-83.02941132,-78.55586243
156.2404785,15616,170460224,203227792,203161536,170393296,-82.60663605,-78.36454773
156.2733154,15619,170460432,203227600,203161328,170393488,-82.82749939,-78.60743713
156.2639313,15618,170460112,203227392,203161136,170393168,-82.47253418,-78.60359955
156.2404785,15616,170460320,203227696,203161440,170393376,-82.57867432,-78.87289429
156.2779999,15619,170460512,203227504,203161248,170393568,-82.5677948,-78.87289429
156.2404785,15616,170460192,203227824,203161568,170393248,-82.36862946,-78.73813629
156.2779999,15619,170460400,203227616,203161360,170393440,-83.70523071,-78.65574646
156.2592316,15617,170460064,203227440,203161184,170393136,-83.34825134,-78.43230438
156.245163,15616,170460272,203227744,203161488,170393328,-83.31083679,-78.50301361
156.2686157,15618,170460448,203227568,203161312,170393504,-83.3503418,-78.50676727
156.2498627,15616,170460128,203227376,203161120,170393200,-83.28786469,-78.41020966
156.2686157,15618,170460320,203227696,203161440,170393376,-82.59932709,-78.88311768
156.2779999,15619,170460512,203227504,203161248,170393568,-82.39421082,-78.64022827
156.2733154,15619,170460176,203227840,203161584,170393232,-82.32872772,-78.34098816
156.2498627,15616,170460352,203227680,203161408,170393408,-82.88297272,-78.41020966
156.2498627,15616,170460528,203227488,203161232,170393600,-82.70383453,-78.09164429
156.2404785,15616,170460192,203227808,203161568,170393248,-83.87839508,-78.73417664
156.2592316,15617,170460384,203227648,203161376,170393440,-82.60424805,-78.60551453
156.2498627,15616,170460032,203227488,203161216,170393088,-82.41926575,-78.10189819
156.2498627,15616,170460208,203227824,203161552,170393280,-83.22592926,-78.32115173
156.2545471,15617,170460384,203227632,203161376,170393456,-82.54595947,-78.77792358
156.2733154,15619,170460048,203227472,203161200,170393104,-82.60728455,-78.28175354
156.2592316,15617,170460208,203227808,203161552,170393264,-82.90878296,-78.05257416
156.245163,15616,170460384,203227632,203161376,170393440,-82.55357361,-78.72429657
156.245163,15616,170460032,203227456,203161216,170393104,-82.36747742,-78.26928711
156.2592316,15617,170460208,203227808,203161552,170393280,-82.80285645,-78.02728271
156.2545471,15617,170460384,203227632,203161376,170393440,-82.42284393,-78.72429657
156.2498627,15616,170460032,203227472,203161216,170393104,-82.99448395,-78.69086456
156.2686157,15618,170460192,203227808,203161568,170393248,-83.9269104,-78.66352844
156.2733154,15619,170460384,203227648,203161376,170393424,-82.47845459,-78.56917572
156.2310944,15615,170460528,203227488,203161232,170393600,-82.60324097,-77.99711609
156.2826843,15620,170460192,203227824,203161568,170393248,-82.50609589,-78.79193878
156.2733154,15619,170460352,203227664,203161408,170393408,-82.6944046,-78.46007538
156.2733154,15619,170460512,203227504,203161248,170393568,-82.28210449,-78.68891144
156.2733154,15619,170460176,203227856,203161584,170393232,-82.59781647,-78.48802948
156.2686157,15618,170460336,203227696,203161424,170393392,-83.25619507,-78.29961395
156.2733154,15619,170460496,203227552,203161264,170393552,-82.64924622,-78.17433929
156.2545471,15617,170460128,203227376,203161120,170393184,-82.39237213,-78.75798798
156.2545471,15617,170460288,203227728,203161472,170393360,-83.28683472,-78.66352844
156.2498627,15616,170460448,203227584,203161312,170393520,-82.37431335,-78.70067596
156.2498627,15616,170460080,203227424,203161168,170393152,-82.79801941,-78.17433929
156.2826843,15620,170460256,203227776,203161504,170393296,-82.80144501,-78.82817841
156.245163,15616,170460384,203227632,203161376,170393456,-83.13140106,-78.2321167
156.2545471,15617,170460032,203227488,203161216,170393104,-82.53520966,-78.23387909
156.2592316,15617,170460192,203227840,203161568,170393248,-82.29192352,-78.60551453
156.2498627,15616,170460336,203227680,203161424,170393392,-83.25463867,-78.44524384
156.2779999,15619,170460496,203227552,203161264,170393552,-82.86817169,-78.24446869
156.2310944,15615,170460112,203227392,203161136,170393184,-82.37204742,-78.58444214
156.2545471,15617,170460256,203227760,203161504,170393328,-82.2019043,-78.5634613
156.2639313,15618,170460400,203227632,203161360,170393472,-82.75302124,-77.95888519
156.2733154,15619,170460032,203227488,203161216,170393104,-82.91932678,-78.2906723
156.245163,15616,170460176,203227840,203161584,170393232,-82.41608429,-78.32835388
156.2779999,15619,170460320,203227696,203161440,170393360,-82.54782867,-78.69609833
156.2639313,15618,170460448,203227568,203161312,170393504,-82.654953,-78.82615662
156.2404785,15616,170460064,203227440,203161184,170393136,-83.58253479,-78.6170578
156.2639313,15618,170460208,203227824,203161552,170393264,-82.54163361,-78.86676788
156.2545471,15617,170460336,203227696,203161424,170393392,-83.30844879,-78.41204834
156.2404785,15616,170460464,203227568,203161296,170393536,-82.25163269,-78.61898804
156.2686157,15618,170460080,203227440,203161168,170393120,-83.02210236,-78.21276855
156.2310944,15615,170460208,203227808,203161552,170393280,-83.6372757,-78.53313446
156.2498627,15616,170460336,203227696,203161424,170393392,-82.51245117,-78.73813629
156.2686157,15618,170460448,203227568,203161312,170393504,-82.44536591,-78.77792358
156.2686157,15618,170460064,203227440,203161184,170393120,-82.46392059,-78.72232056
156.2686157,15618,170460192,203227824,203161568,170393248,-82.54273224,-78.69282532
156.2404785,15616,170460304,203227712,203161456,170393376,-82.52301025,-78.52935791
156.2639313,15618,170460432,203227584,203161328,170393488,-82.7856369,-78.46937561
156.2686157,15618,170460032,203227488,203161216,170393104,-82.61702728,-78.02896118
156.2404785,15616,170460144,203227360,203161104,170393216,-83.13908386,-78.07971954
156.287384,15620,170460272,203227760,203161488,170393312,-82.50663757,-78.74407959
156.287384,15620,170460384,203227648,203161376,170393424,-82.9345932,-78.74407959
156.2733154,15619,170460480,203227552,203161280,170393552,-82.41790009,-77.83006287
156.2545471,15617,170460080,203227440,203161168,170393136,-82.23427582,-78.57298279
156.2733154,15619,170460192,203227840,203161568,170393248,-82.72247314,-78.66352844
156.2920685,15621,170460288,203227744,203161472,170393344,-82.55191803,-77.85099792
156.2826843,15620,170460400,203227632,203161360,170393440,-82.53765869,-78.79595184
156.2310944,15615,170460480,203227520,203161280,170393552,-83.07315063,-78.65769196
156.3014526,15622,170460080,203227440,203161168,170393120,-83.263237,-78.37545776
156.2826843,15620,170460192,203227856,203161568,170393232,-82.45851898,-78.25154877
156.2733154,15619,170460272,203227760,203161488,170393344,-83.39828491,-78.46937561
156.245163,15616,170460368,203227648,203161392,170393440,-82.43637085,-78.36454773
156.2592316,15617,170460464,203227568,203161296,170393536,-83.27011108,-78.35728455
156.2404785,15616,170460048,203227456,203161200,170393120,-83.05175018,-78.83222961
156.2404785,15616,170460144,203227360,203161104,170393216,-83.34940338,-78.42492676
156.2779999,15619,170460256,203227776,203161504,170393296,-82.73138428,-78.45079803
156.2779999,15619,170460336,203227696,203161424,170393376,-82.62711334,-78.82615662
156.2545471,15617,170460416,203227616,203161344,170393488,-82.78624725,-78.26040649
156.2404785,15616,170460496,203227520,203161264,170393568,-82.881073,-78.81002045
156.2733154,15619,170460080,203227440,203161168,170393136,-83.67848969,-78.48802948
156.2545471,15617,170460160,203227872,203161600,170393232,-83.09432983,-78.35910034
156.287384,15620,170460256,203227776,203161504,170393296,-83.06903076,-78.75798798
156.2826843,15620,170460336,203227680,203161424,170393376,-82.64208984,-78.89336395
156.2310944,15615,170460400,203227616,203161360,170393472,-83.93981171,-78.57489014
156.2779999,15619,170460496,203227552,203161264,170393552,-83.31684875,-78.43969727
156.2639313,15618,170460048,203227456,203161200,170393104,-83.22769165,-78.71837616
156.245163,15616,170460128,203227392,203161120,170393184,-82.74490356,-78.66937256
156.2686157,15618,170460208,203227824,203161552,170393264,-82.76766968,-78.82615662
156.2404785,15616,170460272,203227760,203161488,170393344,-83.66124725,-78.66547394
156.245163,15616,170460336,203227680,203161424,170393392,-83.79224396,-78.58826447
156.2404785,15616,170460384,203227616,203161376,170393456,-83.47151184,-78.51992798
156.245163,15616,170460464,203227568,203161296,170393552,-82.99105072,-78.01720428
156.2686157,15618,170460544,203227488,203161216,170393600,-83.20107269,-78.23564148
156.2498627,15616,170460080,203227440,203161168,170393136,-83.70845795,-78.57489014
156.2357941,15615,170460144,203227376,203161104,170393216,-83.22767639,-78.131073
156.2404785,15616,170460208,203227808,203161552,170393280,-83.53870392,-78.57108307
156.2639313,15618,170460272,203227760,203161488,170393328,-82.50345612,-78.81002045
156.2920685,15621,170460320,203227712,203161440,170393376,-82.79749298,-78.74804688
156.2498627,15616,170460368,203227664,203161392,170393424,-83.17713165,-78.74407959
156.2498627,15616,170460416,203227600,203161344,170393488,-83.38813782,-78.52747345
156.2404785,15616,170460448,203227568,203161312,170393536,-83.11599731,-78.12419128
156.2639313,15618,170460512,203227504,203161248,170393584,-82.58644867,-78.82212067
156.2639313,15618,170460048,203227472,203161200,170393104,-82.47441101,-78.11217499
156.2264099,15614,170460080,203227424,203161168,170393152,-83.20994568,-78.28353119
156.2686157,15618,170460128,203227392,203161120,170393184,-82.77158356,-78.75003815
156.2310944,15615,170460144,203227360,203161104,170393232,-82.95566559,-78.44524384
156.2733154,15619,170460208,203227824,203161552,170393248,-82.54360199,-78.87084961
156.2826843,15620,170460240,203227792,203161520,170393296,-83.20214844,-78.59976196
156.2264099,15614,170460256,203227760,203161504,170393344,-82.52124786,-78.72627258
156.2217102,15614,170460288,203227728,203161472,170393376,-82.34073639,-77.97214508
156.2545471,15617,170460336,203227696,203161424,170393408,-83.19650269,-78.33376312
156.2686157,15618,170460368,203227664,203161392,170393424,-83.10250092,-78.53313446
156.2498627,15616,170460400,203227616,203161360,170393456,-82.66615295,-78.81808472
156.2404785,15616,170460416,203227616,203161344,170393504,-83.37200165,-78.5236969
156.245163,15616,170460432,203227584,203161328,170393504,-82.39482117,-78.31216431
156.2733154,15619,170460464,203227568,203161296,170393536,-83.192276,-78.1173172
156.2592316,15617,170460480,203227552,203161280,170393552,-82.40969086,-77.87690735
156.2404785,15616,170460496,203227520,203161264,170393552,-82.49459839,-78.49551392
156.2545471,15617,170460016,203227520,203161232,170393088,-83.3486557,-78.16217804
156.2357941,15615,170460032,203227488,203161216,170393120,-82.72312927,-78.03569794
156.2920685,15621,170460064,203227472,203161184,170393104,-82.31455994,-77.98045349
156.2639313,15618,170460048,203227456,203161200,170393104,-82.54553223,-78.55966187
156.2779999,15619,170460080,203227456,203161168,170393136,-82.42989349,-78.60551453
156.2310944,15615,170460080,203227424,203161168,170393152,-83.82453156,-78.61898804
156.2498627,15616,170460096,203227424,203161152,170393168,-82.87846375,-78.01888275
156.245163,15616,170460096,203227424,203161152,170393168,-83.32032776,-78.49925995
156.2310944,15615,170460096,203227408,203161152,170393184,-83.27786255,-78.45636749
156.2264099,15614,170460096,203227424,203161152,170393184,-83.15105438,-78.3627243
156.2357941,15615,170460096,203227424,203161152,170393168,-83.06073761,-78.38822937
156.2826843,15620,170460128,203227408,203161120,170393184,-82.94894409,-78.46937561
156.3014526,15622,170460112,203227424,203161136,170393168,-82.4270401,-77.87203979
156.2639313,15618,170460112,203227408,203161136,170393184,-82.84441376,-78.27284241
156.2967682,15621,170460112,203227424,203161136,170393152,-82.53970337,-77.83971405
156.2639313,15618,170460096,203227424,203161152,170393152,-83.19867706,-78.38275146
156.2310944,15615,170460080,203227424,203161168,170393152,-82.96523285,-78.17591095
156.2592316,15617,170460080,203227440,203161168,170393152,-82.60349274,-78.75997925
156.2779999,15619,170460064,203227456,203161184,170393120,-82.5222702,-78.54069519
156.3014526,15622,170460064,203227488,203161184,170393104,-82.97503662,-78.49364471
156.2076416,15612,170460016,203227488,203161232,170393104,-82.77210236,-78.07971954
156.2029572,15612,170460000,203227488,203161248,170393088,-83.98941803,-78.71443939
156.3014526,15622,170460512,203227520,203161248,170393552,-82.97907257,-78.83627319
156.2967682,15621,170460496,203227552,203161264,170393552,-82.7731781,-78.26573181
156.2826843,15620,170460464,203227584,203161296,170393536,-83.24850464,-78.15698242
156.2686157,15618,170460448,203227584,203161312,170393504,-83.13982391,-78.8302002
156.2123413,15613,170460400,203227616,203161360,170393472,-82.91043854,-78.14141846
156.2498627,15616,170460384,203227648,203161376,170393440,-82.31067657,-78.35910034
156.245163,15616,170460336,203227680,203161424,170393424,-82.81749725,-78.11217499
156.287384,15620,170460320,203227728,203161440,170393360,-82.44055176,-78.24977875
156.2639313,15618,170460272,203227760,203161488,170393328,-82.47694397,-78.79394531
156.2686157,15618,170460240,203227792,203161520,170393296,-83.09361267,-78.48989868
156.2686157,15618,170460192,203227840,203161568,170393264,-82.61954498,-78.63829803
156.2639313,15618,170460144,203227376,203161104,170393216,-83.22264862,-78.33737183
156.2733154,15619,170460112,203227424,203161136,170393168,-82.78894806,-78.17086029
156.2686157,15618,170460064,203227456,203161184,170393120,-82.85467529,-78.68891144
156.2404785,15616,170460512,203227504,203161248,170393600,-82.5721817,-78.85861206
156.2545471,15617,170460464,203227552,203161296,170393536,-83.43627167,-78.52935791
156.2920685,15621,170460432,203227616,203161328,170393472,-82.75436401,-78.01217651
156.2592316,15617,170460368,203227664,203161392,170393440,-83.0381012,-78.5940094
156.245163,15616,170460288,203227744,203161472,170393376,-82.68399048,-78.36090851
156.2545471,15617,170460256,203227776,203161504,170393328,-82.46840668,-78.38458252
156.2498627,15616,170460176,203227856,203161584,170393264,-82.54763794,-78.44338989
156.3014526,15622,170460144,203227392,203161104,170393184,-82.88907623,-78.74407959
156.2639313,15618,170460064,203227456,203161184,170393120,-82.76977539,-78.70656586
156.2545471,15617,170460496,203227536,203161264,170393584,-82.36838531,-78.2075119
156.2545471,15617,170460432,203227600,203161328,170393504,-83.01991272,-78.63249207
156.2920685,15621,170460368,203227696,203161392,170393440,-82.69883728,-78.3103714
156.2779999,15619,170460288,203227760,203161472,170393360,-83.15530396,-78.33556366
156.2404785,15616,170460208,203227824,203161552,170393280,-82.43590546,-78.68108368
156.2357941,15615,170460128,203227392,203161120,170393200,-82.6169281,-78.61128235
156.2404785,15616,170460048,203227472,203161200,170393120,-83.06880188,-78.45265198
156.245163,15616,170460464,203227568,203161296,170393552,-83.15982819,-78.42124176
156.2733154,15619,170460384,203227632,203161376,170393440,-82.38188934,-78.62284088
156.2498627,15616,170460288,203227728,203161472,170393360,-83.3776474,-78.58444214
156.245163,15616,170460192,203227824,203161568,170393264,-82.58197021,-78.85861206
156.2498627,15616,170460112,203227408,203161136,170393168,-83.19750214,-78.52747345
156.245163,15616,170460528,203227504,203161232,170393600,-82.4569397,-78.73813629
156.2779999,15619,170460416,203227632,203161344,170393488,-82.76262665,-78.3937149
156.2826843,15620,170460320,203227712,203161440,170393376,-82.58837891,-78.71247101
156.2264099,15614,170460208,203227824,203161552,170393296,-82.91230774,-77.99211121
156.2779999,15619,170460128,203227408,203161120,170393184,-82.3147583,-78.1900177
156.2404785,15616,170460016,203227520,203161232,170393104,-82.1461792,-78.4083786
156.2498627,15616,170460416,203227616,203161344,170393488,-82.68492889,-78.11560059
156.2686157,15618,170460320,203227728,203161440,170393392,-83.06544495,-78.73813629
156.2592316,15617,170460208,203227840,203161552,170393280,-82.4857254,-78.67131805
156.2545471,15617,170460096,203227440,203161152,170393168,-83.29993439,-78.1778183
156.2826843,15620,170460496,203227552,203161264,170393568,-83.065979,-78.27996826
156.287384,15620,170460368,203227680,203161392,170393440,-82.74182892,-78.26573181
156.2639313,15618,170460256,203227776,203161504,170393328,-82.2824707,-78.27106476
156.245163,15616,170460128,203227376,203161120,170393216,-82.56609344,-78.75003815
156.2310944,15615,170460016,203227504,203161232,170393104,-82.31266785,-78.63249207
156.2264099,15614,170460400,203227632,203161360,170393488,-82.33682251,-78.67913055
156.2686157,15618,170460272,203227760,203161488,170393344,-83.34355164,-78.53502655
156.2404785,15616,170460144,203227376,203161104,170393216,-82.36073303,-78.64992523
156.2498627,15616,170460016,203227520,203161232,170393104,-82.20761871,-78.62091064
156.2592316,15617,170460400,203227648,203161360,170393472,-82.44808197,-78.7282486
156.245163,15616,170460256,203227776,203161504,170393344,-82.65640259,-78.70853424
156.2967682,15621,170460144,203227392,203161104,170393184,-82.3673172,-78.32475281
156.2826843,15620,170460512,203227536,203161248,170393568,-82.64693451,-78.31575775
156.2592316,15617,170460368,203227680,203161392,170393440,-82.56215668,-77.98877716
156.2264099,15614,170460224,203227808,203161536,170393312,-83.36740875,-78.50489044
156.2779999,15619,170460080,203227440,203161168,170393136,-82.47277069,-78.73616028
156.2686157,15618,170460432,203227616,203161328,170393488,-82.84785461,-78.35728455
156.2123413,15613,170460288,203227744,203161472,170393376,-83.57997894,-78.60359955
156.2592316,15617,170460144,203227376,203161104,170393216,-82.23262024,-78.50676727
156.2733154,15619,170460512,203227536,203161248,170393584,-83.03445435,-78.54827118
156.2170258,15613,170460336,203227680,203161424,170393424,-82.54721069,-78.95746613
156.2967682,15621,170460192,203227856,203161568,170393248,-83.20095062,-78.6830368
156.2545471,15617,170460016,203227504,203161232,170393104,-82.41413116,-78.66937256
156.2545471,15617,170460352,203227680,203161408,170393440,-82.57499695,-78.02559662
156.2404785,15616,170460192,203227840,203161568,170393296,-82.31515503,-78.55586243
156.2826843,15620,170460048,203227504,203161200,170393120,-82.75378418,-78.05934143
156.2639313,15618,170460384,203227648,203161376,170393456,-82.5530777,-78.51616669
156.245163,15616,170460208,203227824,203161552,170393296,-83.06101227,-78.34279633
156.2826843,15620,170460048,203227488,203161200,170393120,-82.51276398,-78.15351868
156.2545471,15617,170460384,203227648,203161376,170393472,-82.47433472,-78.48989868
156.2310944,15615,170460208,203227824,203161552,170393296,-82.60583496,-79.01196289
156.2733154,15619,170460048,203227488,203161200,170393104,-82.82038879,-78.02896118
156.2592316,15617,170460368,203227664,203161392,170393440,-83.31166077,-78.71443939
156.2967682,15621,170460208,203227856,203161552,170393264,-82.72021484,-78.5086441
156.2498627,15616,170460016,203227504,203161232,170393088,-82.43322754,-78.78793335
156.287384,15620,170460352,203227680,203161408,170393408,-82.86849976,-78.21979523
156.2686157,15618,170460176,203227872,203161584,170393248,-82.56561279,-77.89807129
156.2826843,15620,170460512,203227552,203161248,170393584,-82.91051483,-78.36090851
156.2826843,15620,170460320,203227728,203161440,170393392,-82.73428345,-78.47682953
156.2357941,15615,170460128,203227376,203161120,170393216,-82.58707428,-78.72429657
156.2686157,15618,170460464,203227568,203161296,170393536,-82.52716827,-78.7999649
156.2779999,15619,170460288,203227760,203161472,170393360,-82.33379364,-78.63636017
156.245163,15616,170460096,203227424,203161152,170393184,-83.33089447,-78.45450592
156.2686157,15618,170460416,203227616,203161344,170393488,-82.78640747,-78.10531616
156.2498627,15616,170460224,203227824,203161536,170393312,-82.88097382,-78.06612396
156.2545471,15617,170460032,203227488,203161216,170393120,-82.86233521,-78.05764771
156.2826843,15620,170460368,203227680,203161392,170393424,-83.59015656,-78.50113678
156.2264099,15614,170460144,203227376,203161104,170393232,-83.2928772,-78.3627243
156.2404785,15616,170460464,203227568,203161296,170393552,-83.21788788,-78.22331238
156.245163,15616,170460288,203227744,203161472,170393360,-82.40672302,-78.73022461
156.2498627,15616,170460080,203227440,203161168,170393168,-82.47415161,-78.69870758
156.2404785,15616,170460384,203227648,203161376,170393472,-82.49697113,-78.51616669
156.3014526,15622,170460208,203227856,203161552,170393264,-82.89102173,-78.49364471
156.3295898,15624,170460512,203227568,203161248,170393552,-82.85977936,-78.36090851
156.2639313,15618,170460288,203227744,203161472,170393360,-83.11135864,-78.28175354
156.2357941,15615,170460080,203227456,203161168,170393168,-82.22666931,-78.46007538
156.2733154,15619,170460384,203227664,203161376,170393472,-82.78817749,-78.70656586
156.2920685,15621,170460192,203227856,203161568,170393248,-82.46157837,-78.08823395
156.2545471,15617,170460480,203227568,203161280,170393568,-83.19821167,-78.27996826
156.2404785,15616,170460272,203227776,203161488,170393360,-82.63973999,-78.72232056
156.2967682,15621,170460064,203227488,203161184,170393136,-82.45133209,-78.12934875
156.2170258,15613,170460336,203227696,203161424,170393440,-82.27692413,-78.65769196
156.2826843,15620,170460128,203227408,203161120,170393200,-83.14997864,-78.74606323
156.2310944,15615,170460400,203227632,203161360,170393504,-83.76886749,-78.61128235
156.2733154,15619,170460208,203227840,203161552,170393280,-82.57580566,-78.40287018
156.2310944,15615,170460480,203227552,203161280,170393568,-83.84173584,-78.56917572
156.2310944,15615,170460240,203227792,203161520,170393328,-83.23342133,-78.7999649
156.2264099,15614,170460016,203227504,203161232,170393104,-82.45828247,-78.85047913
156.3014526,15622,170460320,203227744,203161440,170393360,-82.77829742,-78.11903381
156.2826843,15620,170460080,203227456,203161168,170393136,-82.29264832,-78.2906723
156.3014526,15622,170460368,203227712,203161392,170393424,-82.21665955,-78.48989868
156.3108368,15623,170460112,203227424,203161136,170393168,-82.60626221,-77.94896698
156.2357941,15615,170460384,203227664,203161376,170393472,-82.71134949,-78.5388031
156.2310944,15615,170460144,203227376,203161104,170393248,-82.40524292,-78.7282486
156.287384,15620,170460432,203227616,203161328,170393504,-82.78084564,-77.96550751
156.2686157,15618,170460192,203227856,203161568,170393264,-83.06551361,-78.61898804
156.2498627,15616,170460464,203227584,203161296,170393536,-82.36071777,-78.45822144
156.2592316,15617,170460224,203227840,203161536,170393296,-82.39975739,-78.644104
156.2592316,15617,170460480,203227552,203161280,170393552,-83.48458099,-78.63829803
156.287384,15620,170460256,203227808,203161504,170393312,-82.94046021,-78.15351868
156.2733154,15619,170460512,203227552,203161248,170393584,-82.61729431,-78.01384735
156.3108368,15623,170460256,203227808,203161504,170393312,-83.11474609,-78.5501709
156.3014526,15622,170460512,203227536,203161248,170393584,-83.16749573,-78.59783936
156.2592316,15617,170460256,203227776,203161504,170393344,-82.63056183,-78.37728119
156.2826843,15620,170460512,203227552,203161248,170393600,-82.81642151,-78.43969727
156.2498627,15616,170460256,203227776,203161504,170393344,-82.48222351,-78.25331879
156.2545471,15617,170460512,203227536,203161248,170393584,-82.60148621,-78.2427063
156.2779999,15619,170460256,203227792,203161504,170393344,-83.1421814,-78.53124237
156.2967682,15621,170460512,203227568,203161248,170393584,-82.68087769,-78.35184479
156.2639313,15618,170460240,203227792,203161520,170393312,-83.27132416,-78.4805603
156.2779999,15619,170460496,203227552,203161264,170393568,-83.62825775,-78.66937256
156.2498627,15616,170460224,203227824,203161536,170393296,-84.41275787,-78.91806793
156.2733154,15619,170460464,203227584,203161296,170393536,-82.67234039,-78.72232056
156.2592316,15617,170460208,203227856,203161552,170393280,-82.59632111,-78.23564148
156.2779999,15619,170460432,203227616,203161328,170393520,-82.7043457,-78.06443024
156.2217102,15614,170460144,203227360,203161104,170393232,-82.55452728,-78.81002045
156.2686157,15618,170460400,203227648,203161360,170393472,-82.59291077,-78.55586243
156.2826843,15620,170460128,203227424,203161120,170393200,-82.95384979,-78.33737183
156.2123413,15613,170460336,203227696,203161424,170393440,-83.50893402,-78.64797974
156.2639313,15618,170460080,203227456,203161168,170393152,-82.46770477,-78.42124176
156.2733154,15619,170460304,203227744,203161456,170393376,-83.22872925,-78.36817932
156.245163,15616,170460032,203227504,203161216,170393104,-82.28890228,-78.59976196
156.287384,15620,170460256,203227792,203161504,170393328,-82.71442413,-78.34460449
156.2592316,15617,170460496,203227552,203161264,170393568,-83.59446716,-78.65769196
156.2404785,15616,170460208,203227840,203161552,170393296,-82.82531738,-78.70656586
156.2826843,15620,170460432,203227632,203161328,170393504,-82.81452942,-78.18304443
156.2592316,15617,170460144,203227376,203161104,170393232,-82.40337372,-78.5940094
156.2733154,15619,170460368,203227664,203161392,170393440,-83.34375763,-78.45079803
156.2545471,15617,170460080,203227456,203161168,170393168,-82.56591034,-78.8039856
156.3108368,15623,170460320,203227744,203161440,170393376,-82.89758301,-78.31575775
156.2076416,15612,170460016,203227520,203161232,170393120,-82.45207214,-78.75003815
156.2639313,15618,170460240,203227808,203161520,170393328,-82.64514923,-77.88178253
156.2404785,15616,170460464,203227584,203161296,170393552,-82.31830597,-78.45450592
156.3014526,15622,170460176,203227888,203161584,170393248,-83.35512543,-78.43045807
156.2920685,15621,170460400,203227680,203161360,170393472,-83.04322815,-78.53124237
156.2404785,15616,170460096,203227440,203161152,170393184,-82.55923462,-78.70459747
156.2592316,15617,170460304,203227744,203161456,170393392,-82.70349121,-78.18653107
156.2357941,15615,170460016,203227520,203161232,170393120,-82.53290558,-78.70853424
156.2920685,15621,170460240,203227808,203161520,170393296,-83.33664703,-78.47123718
156.2498627,15616,170460448,203227600,203161312,170393536,-82.35874939,-78.11903381
156.245163,15616,170460160,203227376,203161088,170393232,-82.60157776,-78.72035217
156.2498627,15616,170460368,203227680,203161392,170393456,-83.44304657,-78.46751404
156.287384,15620,170460080,203227472,203161168,170393136,-83.06698608,-78.72232056
156.2639313,15618,170460272,203227776,203161488,170393344,-82.55325317,-78.67913055
156.2967682,15621,170460496,203227568,203161264,170393552,-83.05345154,-78.12075043
156.2920685,15621,170460192,203227888,203161568,170393264,-83.08428192,-78.26396179
156.2404785,15616,170460384,203227664,203161376,170393472,-83.38134766,-78.63829803
156.2686157,15618,170460080,203227472,203161168,170393168,-83.07421875,-78.53124237
156.2357941,15615,170460256,203227776,203161504,170393344,-82.77999115,-78.66352844
156.2498627,15616,170460464,203227584,203161296,170393552,-82.71587372,-78.70853424
156.2357941,15615,170460144,203227360,203161104,170393232,-82.68755341,-78.92839813
156.287384,15620,170460368,203227696,203161392,170393424,-83.38034058,-78.17259979
156.2498627,15616,170460032,203227504,203161216,170393120,-83.38335419,-78.40103912
156.2779999,15619,170460240,203227808,203161520,170393312,-83.02371216,-78.16738892
156.2639313,15618,170460416,203227616,203161344,170393488,-83.44121552,-78.55206299
156.2545471,15617,170460112,203227424,203161136,170393184,-83.51811218,-78.57871246
156.2779999,15619,170460304,203227744,203161456,170393360,-83.22974396,-78.45265198
156.2779999,15619,170460512,203227552,203161248,170393568,-82.65444183,-78.12419128
156.2686157,15618,170460192,203227856,203161568,170393264,-82.61264801,-78.12419128
156.2545471,15617,170460384,203227664,203161376,170393472,-82.54569244,-78.16391754
156.2592316,15617,170460064,203227472,203161184,170393136,-82.73278809,-78.35002899
156.2686157,15618,170460240,203227808,203161520,170393312,-83.53575134,-78.62477112
156.2733154,15619,170460432,203227632,203161328,170393504,-82.96511078,-78.1173172
156.245163,15616,170460096,203227424,203161152,170393168,-83.39047241,-78.22682953
156.2639313,15618,170460288,203227760,203161472,170393360,-82.51978302,-78.57679749
156.245163,15616,170460464,203227568,203161296,170393552,-82.50751495,-78.52935791
156.2686157,15618,170460144,203227408,203161104,170393216,-82.67899323,-78.38458252
156.2733154,15619,170460304,203227744,203161456,170393376,-82.61680603,-77.96550751
156.2357941,15615,170460480,203227568,203161280,170393568,-83.26405334,-78.05257416
156.2592316,15617,170460144,203227376,203161104,170393216,-82.63356781,-78.8342514
156.2592316,15617,170460336,203227712,203161424,170393408,-83.0316391,-78.75798798
156.287384,15620,170460496,203227568,203161264,170393568,-83.22544098,-78.45265198
156.2545471,15617,170460144,203227392,203161104,170393232,-82.58880615,-78.54447937
156.2686157,15618,170460320,203227728,203161440,170393408,-82.53623199,-78.14659882
156.2826843,15620,170460496,203227568,203161264,170393552,-83.53695679,-78.54447937
156.3014526,15622,170460144,203227408,203161104,170393216,-82.73742676,-78.35002899
156.2967682,15621,170460304,203227760,203161456,170393376,-83.5502243,-78.58634949
156.2545471,15617,170460448,203227600,203161312,170393536,-83.19065857,-78.74011993
156.2686157,15618,170460096,203227440,203161152,170393168,-82.59970093,-78.67131805
156.2733154,15619,170460256,203227808,203161504,170393328,-82.93153381,-78.22155762
156.2545471,15617,170460400,203227648,203161360,170393488,-83.01833344,-78.68108368
156.2404785,15616,170460032,203227488,203161216,170393120,-82.66603851,-79.05222321
156.2498627,15616,170460176,203227872,203161584,170393264,-83.77890015,-78.51616669
156.2779999,15619,170460320,203227728,203161440,170393392,-83.14187622,-78.5634613
156.2545471,15617,170460464,203227584,203161296,170393552,-82.42855072,-78.28888702
156.2357941,15615,170460080,203227440,203161168,170393168,-82.53754425,-78.68891144
156.2779999,15619,170460224,203227840,203161536,170393296,-82.34096527,-78.43045807
156.245163,15616,170460352,203227696,203161408,170393440,-83.63267517,-78.53124237
156.2826843,15620,170460496,203227552,203161264,170393568,-83.34814453,-78.4824295
156.2592316,15617,170460096,203227440,203161152,170393184,-82.38040161,-78.55586243
156.2545471,15617,170460224,203227824,203161536,170393312,-82.42562866,-78.65769196
156.2779999,15619,170460352,203227696,203161408,170393440,-82.64860535,-78.67913055
156.245163,15616,170460464,203227584,203161296,170393552,-82.68816376,-78.78592682
156.2639313,15618,170460080,203227472,203161168,170393168,-82.94192505,-78.61320496
156.2404785,15616,170460192,203227856,203161568,170393280,-82.97848511,-78.48616028
156.2779999,15619,170460304,203227760,203161456,170393392,-83.09762573,-78.35910034
156.2967682,15621,170460432,203227632,203161328,170393504,-83.23587799,-78.35184479
156.2686157,15618,170460016,203227520,203161232,170393104,-82.97079468,-78.86268616
156.2357941,15615,170460128,203227408,203161120,170393216,-82.86504364,-78.35002899
156.3202209,15624,170460256,203227824,203161504,170393312,-83.3890686,-78.37000275
156.2686157,15618,170460352,203227696,203161408,170393440,-82.45715332,-78.6830368
156.2779999,15619,170460464,203227600,203161296,170393536,-82.91564941,-78.59976196
156.2310944,15615,170460048,203227488,203161200,170393152,-83.47814178,-78.47682953
156.3014526,15622,170460176,203227904,203161584,170393232,-82.27453613,-78.33917999
156.2310944,15615,170460272,203227776,203161488,170393360,-82.69235229,-78.51428223
156.2357941,15615,170460368,203227680,203161392,170393456,-83.19068146,-78.45450592
156.2545471,15617,170460480,203227584,203161280,170393568,-82.57395935,-78.69086456
156.2826843,15620,170460080,203227488,203161168,170393152,-82.67542267,-78.18304443
156.3061371,15622,170460192,203227872,203161568,170393248,-83.62240601,-78.4824295
156.2686157,15618,170460272,203227776,203161488,170393344,-82.86253357,-78.68891144
156.2498627,15616,170460368,203227680,203161392,170393472,-83.27858734,-78.41756439
156.2545471,15617,170460480,203227568,203161280,170393552,-82.55488586,-78.70656586
156.2733154,15619,170460080,203227488,203161168,170393152,-82.62397766,-78.00714874
156.2498627,15616,170460144,203227376,203161104,170393232,-82.69376373,-78.84641266
156.2545471,15617,170460256,203227808,203161504,170393344,-83.39441681,-78.48802948
156.2545471,15617,170460352,203227712,203161408,170393440,-82.71853638,-78.75003815
156.2779999,15619,170460448,203227616,203161312,170393520,-82.65015411,-77.92098236
156.2170258,15613,170460000,203227520,203161248,170393104,-82.78881073,-78.60359955
156.2967682,15621,170460112,203227440,203161136,170393168,-83.68134308,-78.56156158
156.2686157,15618,170460192,203227872,203161568,170393264,-82.9437561,-78.26750946
156.245163,15616,170460272,203227776,203161488,170393360,-82.46463013,-78.26573181
156.2686157,15618,170460368,203227696,203161392,170393440,-82.47530365,-78.6830368
156.2733154,15619,170460448,203227616,203161312,170393520,-83.6571579,-78.44154358
156.2826843,15620,170460016,203227552,203161232,170393104,-83.32596588,-78.43230438
156.245163,15616,170460080,203227456,203161168,170393168,-82.72503662,-78.4824295
156.2779999,15619,170460160,203227392,203161088,170393232,-82.95597839,-78.87902069
156.2592316,15617,170460224,203227824,203161536,170393312,-84.10137939,-78.75202179
156.287384,15620,170460320,203227760,203161440,170393392,-83.72255707,-78.57108307
156.287384,15620,170460384,203227664,203161376,170393456,-83.28814697,-78.38092804
156.2733154,15619,170460464,203227616,203161296,170393552,-82.52993011,-78.03063965
156.2545471,15617,170460016,203227520,203161232,170393088,-82.86370087,-78.51616669
156.2357941,15615,170460080,203227456,203161168,170393184,-82.73839569,-78.44894409
156.2545471,15617,170460144,203227392,203161104,170393232,-82.88031769,-78.69478607
156.2545471,15617,170460224,203227840,203161536,170393312,-82.60211945,-78.644104
156.2779999,15619,170460288,203227776,203161472,170393360,-82.59658813,-78.68695068
156.2779999,15619,170460352,203227696,203161408,170393424,-82.37874603,-78.50676727
156.2967682,15621,170460432,203227616,203161328,170393488,-82.65702057,-79.02463531
156.2217102,15614,170460480,203227568,203161280,170393568,-82.75514221,-78.79394531
156.2310944,15615,170460032,203227504,203161216,170393120,-82.73477173,-78.74407959
156.2826843,15620,170460112,203227456,203161136,170393200,-82.29849243,-78.37000275
156.2826843,15620,170460160,203227888,203161600,170393232,-82.4437561,-78.62284088
156.2639313,15618,170460224,203227824,203161536,170393312,-83.67121124,-78.51992798
156.2404785,15616,170460288,203227760,203161472,170393392,-82.44058228,-78.55206299
156.2686157,15618,170460352,203227696,203161408,170393440,-83.9905777,-78.63829803
156.2686157,15618,170460416,203227632,203161344,170393504,-82.59114075,-78.74011993
156.2545471,15617,170460480,203227568,203161280,170393568,-82.48591614,-78.68695068
156.2733154,15619,170460032,203227520,203161216,170393120,-82.51113892,-78.60551453
156.2733154,15619,170460096,203227456,203161152,170393168,-82.75424957,-78.77992249
156.2592316,15617,170460144,203227408,203161104,170393232,-82.97174835,-78.67717743
156.2264099,15614,170460192,203227840,203161568,170393296,-83.34805298,-78.81002045
156.2404785,15616,170460256,203227792,203161504,170393360,-83.29055023,-78.57679749
156.3014526,15622,170460336,203227744,203161424,170393408,-82.73579407,-77.99211121
156.2545471,15617,170460368,203227696,203161392,170393456,-83.41928864,-78.46193695
156.2404785,15616,170460416,203227632,203161344,170393520,-82.45957947,-78.82615662
156.2123413,15613,170460464,203227568,203161296,170393568,-82.64662933,-78.8039856
156.2639313,15618,170460016,203227536,203161232,170393088,-82.72466278,-78.51428223
156.2592316,15617,170460064,203227488,203161184,170393152,-83.5386734,-78.59592438
156.2826843,15620,170460112,203227424,203161136,170393184,-84.16942596,-78.66352844
156.2639313,15618,170460160,203227376,203161088,170393232,-82.70137787,-78.77393341
156.2686157,15618,170460192,203227872,203161568,170393296,-82.6774826,-78.12419128
156.2592316,15617,170460240,203227808,203161520,170393328,-84.04038239,-78.66158295
156.245163,15616,170460272,203227776,203161488,170393360,-82.70202637,-78.70853424
156.3108368,15623,170460336,203227744,203161424,170393392,-83.41746521,-78.50301361
156.2779999,15619,170460368,203227696,203161392,170393440,-82.53134155,-78.72035217
156.2498627,15616,170460384,203227664,203161376,170393488,-82.74073029,-78.29425049
156.2733154,15619,170460432,203227632,203161328,170393504,-83.61789703,-78.62284088
156.2498627,15616,170460448,203227600,203161312,170393552,-82.71464539,-78.3103714
156.3014526,15622,170460480,203227584,203161280,170393568,-82.25935364,-78.32655334
156.245163,15616,170460000,203227536,203161248,170393104,-83.07722473,-78.57489014
156.2404785,15616,170460016,203227520,203161232,170393104,-82.52092743,-78.74210358
156.287384,15620,170460064,203227504,203161184,170393152,-82.97302246,-78.25863647
156.245163,15616,170460080,203227456,203161168,170393168,-83.09038544,-78.8342514
156.2639313,15618,170460096,203227440,203161152,170393200,-83.36701965,-78.45822144
156.245163,15616,170460112,203227424,203161136,170393200,-82.96929932,-78.19875336
156.2639313,15618,170460144,203227408,203161104,170393216,-82.70726013,-78.35728455
156.2404785,15616,170460144,203227376,203161104,170393248,-82.54499054,-78.62670135
156.2826843,15620,170460176,203227888,203161584,170393264,-83.76013184,-78.45636749
156.2920685,15621,170460192,203227872,203161568,170393264,-83.13433838,-78.16564941
156.2686157,15618,170460208,203227856,203161552,170393296,-82.62057495,-78.16044617
156.2639313,15618,170460208,203227856,203161552,170393296,-82.43412018,-78.15871429
156.2217102,15614,170460208,203227840,203161552,170393312,-82.67927551,-78.64604187
156.2733154,15619,170460224,203227824,203161536,170393312,-82.730896,-78.91806793
156.245163,15616,170460224,203227824,203161536,170393328,-82.71753693,-79.01829529
156.245163,15616,170460224,203227824,203161536,170393328,-82.47866821,-78.73220062
156.2920685,15621,170460240,203227824,203161520,170393312,-83.51914215,-78.44154358
156.3061371,15622,170460240,203227824,203161520,170393312,-82.58892822,-78.74606323
156.2404785,15616,170460224,203227824,203161536,170393312,-82.79229736,-78.9637146
156.2498627,15616,170460224,203227840,203161536,170393312,-82.83480835,-78.81404877
156.2498627,15616,170460208,203227840,203161552,170393312,-82.84166718,-78.75202179
156.2779999,15619,170460208,203227856,203161552,170393296,-82.52064514,-78.21628571
156.2498627,15616,170460192,203227872,203161568,170393296,-82.64040375,-78.1362381
156.2733154,15619,170460192,203227888,203161568,170393280,-83.14954376,-78.24623871
156.2733154,15619,170460176,203227888,203161584,170393264,-82.51281738,-78.74606323
156.2686157,15618,170460160,203227888,203161600,170393248,-82.91688538,-78.86676788
156.2592316,15617,170460144,203227408,203161104,170393232,-82.81943512,-78.4083786
156.287384,15620,170460128,203227424,203161120,170393216,-83.30728149,-78.39188385
156.2920685,15621,170460112,203227456,203161136,170393168,-82.6259613,-78.76197052
156.2592316,15617,170460080,203227472,203161168,170393168,-82.35445404,-78.04243469
156.2686157,15618,170460064,203227488,203161184,170393152,-83.49873352,-78.4824295
156.2404785,15616,170460032,203227520,203161216,170393120,-82.69754028,-78.80800629
156.2826843,15620,170460016,203227552,203161232,170393104,-82.71504211,-78.21452332
156.2779999,15619,170460480,203227584,203161280,170393568,-82.39305878,-78.6344223
156.2779999,15619,170460464,203227616,203161296,170393552,-82.76725769,-78.30140686
156.2639313,15618,170460416,203227632,203161344,170393504,-82.47795105,-78.72035217
156.2967682,15621,170460400,203227680,203161360,170393472,-82.72743225,-78.06272888
156.2545471,15617,170460336,203227712,203161424,170393424,-82.52384949,-78.46379852
156.2920685,15621,170460304,203227760,203161456,170393376,-83.64641571,-78.48429108
156.2826843,15620,170460272,203227792,203161488,170393360,-82.70966339,-78.29425049
156.2686157,15618,170460224,203227840,203161536,170393312,-82.84117126,-78.78192902
156.245163,15616,170460176,203227872,203161584,170393280,-83.94069672,-78.54447937
156.2404785,15616,170460144,203227408,203161104,170393248,-82.55800629,-78.20401001
156.2733154,15619,170460096,203227456,203161152,170393184,-82.48480225,-78.63056946
156.2967682,15621,170460080,203227488,203161168,170393152,-82.84788513,-78.1259079
156.2686157,15618,170460016,203227520,203161232,170393104,-83.12047577,-78.82615662
156.2686157,15618,170460496,203227584,203161264,170393584,-82.43920898,-78.67131805
156.2779999,15619,170460464,203227616,203161296,170393552,-83.15826416,-78.29782867
156.2404785,15616,170460400,203227648,203161360,170393504,-83.22037506,-78.78592682
156.3014526,15622,170460368,203227712,203161392,170393440,-82.72705841,-78.79193878
156.2498627,15616,170460304,203227760,203161456,170393408,-83.27922821,-78.40287018
156.2733154,15619,170460272,203227808,203161488,170393360,-82.79980469,-78.26928711
156.2639313,15618,170460224,203227840,203161536,170393312,-82.81949615,-78.76595306
156.2545471,15617,170460176,203227872,203161584,170393280,-83.8285675,-78.50489044
156.2592316,15617,170460128,203227424,203161120,170393232,-83.21019745,-78.45079803
156.2779999,15619,170460096,203227456,203161152,170393184,-82.59524536,-78.5124054
156.2639313,15618,170460048,203227520,203161200,170393136,-83.69062042,-78.37910461
156.2639313,15618,170460000,203227552,203161248,170393088,-82.89177704,-78.15525055
156.2217102,15614,170460464,203227584,203161296,170393568,-83.05042267,-78.62284088
156.2826843,15620,170460432,203227648,203161328,170393520,-82.4809494,-78.57871246
156.2592316,15617,170460368,203227696,203161392,170393456,-83.56100464,-78.67131805
156.2592316,15617,170460320,203227744,203161440,170393408,-83.26409149,-78.30499268
156.2920685,15621,170460272,203227808,203161488,170393360,-83.32440948,-78.4341507
156.2826843,15620,170460208,203227856,203161552,170393280,-83.08053589,-78.64797974
156.2498627,15616,170460144,203227408,203161104,170393248,-83.04522705,-78.56156158
156.2733154,15619,170460096,203227456,203161152,170393184,-82.66879272,-78.53313446
156.2639313,15618,170460032,203227520,203161216,170393120,-82.70957184,-78.54827118
156.2686157,15618,170460480,203227584,203161280,170393568,-82.72554779,-78.60935974
156.2592316,15617,170460400,203227664,203161360,170393488,-82.93308258,-78.50676727
156.245163,15616,170460336,203227728,203161424,170393424,-82.51596832,-78.14141846
156.2779999,15619,170460272,203227792,203161488,170393344,-82.64910889,-78.19351196
156.2404785,15616,170460192,203227872,203161568,170393280,-82.97488403,-78.16391754
156.2686157,15618,170460128,203227440,203161120,170393216,-83.67781067,-78.63829803
156.2826843,15620,170460048,203227504,203161200,170393136,-82.73842621,-78.90570068
156.2639313,15618,170460480,203227584,203161280,170393568,-82.72932434,-78.61898804
156.2498627,15616,170460384,203227680,203161376,170393504,-82.5460968,-77.97546387
156.2357941,15615,170460304,203227744,203161456,170393408,-84.00960541,-78.66352844
156.2733154,15619,170460224,203227840,203161536,170393312,-82.62103271,-78.79838562
156.2404785,15616,170460144,203227392,203161104,170393232,-83.32213593,-78.69282532
156.2920685,15621,170460064,203227504,203161184,170393152,-82.9838562,-78.04581451
156.2264099,15614,170460464,203227568,203161296,170393568,-82.58164215,-78.73813629
156.2686157,15618,170460400,203227680,203161360,170393488,-82.50491333,-78.11560059
156.2826843,15620,170460320,203227760,203161440,170393408,-83.23568726,-78.07971954
156.2639313,15618,170460224,203227840,203161536,170393312,-82.84637451,-78.66547394
156.2592316,15617,170460128,203227424,203161120,170393232,-82.70104218,-78.1795578
156.2545471,15617,170460048,203227504,203161200,170393136,-82.47224426,-78.75003815
156.2639313,15618,170460464,203227584,203161296,170393568,-82.68680573,-78.51428223
156.2639313,15618,170460384,203227680,203161376,170393472,-83.73574829,-78.57679749
156.2733154,15619,170460288,203227760,203161472,170393360,-82.76266479,-78.82817841
156.2639313,15618,170460192,203227872,203161568,170393296,-82.6652298,-78.07801819
156.2639313,15618,170460112,203227440,203161136,170393200,-82.51583862,-78.84033203
156.2545471,15617,170460016,203227536,203161232,170393104,-82.95230865,-78.59783936
156.2404785,15616,170460432,203227632,203161328,170393520,-83.64326477,-78.50489044
156.2733154,15619,170460352,203227728,203161408,170393440,-82.50475311,-78.25154877
156.2779999,15619,170460256,203227824,203161504,170393344,-83.23253632,-78.10189819
156.2967682,15621,170460160,203227920,203161600,170393248,-82.92721558,-78.62863159
156.245163,15616,170460048,203227504,203161200,170393152,-83.24149323,-78.31575775
156.2733154,15619,170460480,203227584,203161280,170393584,-82.46631622,-78.46193695
156.2639313,15618,170460400,203227680,203161360,170393488,-83.58146667,-78.49364471
156.2592316,15617,170460304,203227760,203161456,170393392,-82.45265961,-78.65574646
156.2498627,15616,170460208,203227872,203161552,170393312,-82.50158691,-77.96219635
156.2545471,15617,170460112,203227440,203161136,170393200,-82.35256958,-78.78192902
156.2592316,15617,170460016,203227536,203161232,170393120,-82.29217529,-78.12763214
156.2779999,15619,170460448,203227616,203161312,170393536,-83.85901642,-78.5236969
156.2592316,15617,170460352,203227728,203161408,170393440,-82.51832581,-78.3627243
156.3014526,15622,170460272,203227808,203161488,170393344,-83.41671753,-78.45822144
156.2686157,15618,170460160,203227392,203161088,170393248,-82.47451019,-78.30140686
156.245163,15616,170460048,203227504,203161200,170393152,-83.18650055,-78.10531616
156.2123413,15613,170460448,203227600,203161312,170393568,-82.97568512,-78.58826447
156.245163,15616,170460352,203227696,203161408,170393456,-82.69072723,-78.88516235
156.2639313,15618,170460272,203227792,203161488,170393360,-83.56127167,-78.52558136
156.2498627,15616,170460144,203227408,203161104,170393248,-82.93716431,-78.49364471
156.245163,15616,170460048,203227504,203161200,170393152,-82.42250061,-78.69674683
156.3014526,15622,170460464,203227616,203161296,170393536,-82.94397736,-78.12075043
156.2404785,15616,170460320,203227728,203161440,170393440,-82.40605164,-77.97214508
156.2123413,15613,170460208,203227840,203161552,170393312,-82.64216614,-78.54258728
156.2967682,15621,170460128,203227440,203161120,170393200,-82.5776825,-78.90570068
156.2639313,15618,170460000,203227552,203161248,170393104,-83.4315033,-78.51428223
156.2498627,15616,170460384,203227680,203161376,170393488,-82.82460785,-78.17086029
156.245163,15616,170460272,203227792,203161488,170393360,-83.12277985,-78.56917572
156.2686157,15618,170460144,203227424,203161104,170393248,-82.80241394,-78.37545776
156.2639313,15618,170460032,203227520,203161216,170393104,-82.81360626,-78.78793335
156.2920685,15621,170460448,203227632,203161312,170393520,-82.60631561,-78.81808472
156.2498627,15616,170460304,203227760,203161456,170393392,-84.00119019,-78.71640778
156.2639313,15618,170460192,203227888,203161568,170393280,-83.10806274,-78.26040649
156.2920685,15621,170460064,203227488,203161184,170393152,-82.9229126,-78.0407486
156.2545471,15617,170460448,203227616,203161312,170393552,-83.42264557,-78.47496796
156.2592316,15617,170460336,203227744,203161424,170393424,-82.66558838,-78.14487457
156.2310944,15615,170460208,203227856,203161552,170393312,-82.81650543,-78.44524384
156.2592316,15617,170460080,203227472,203161168,170393168,-83.18733215,-78.72429657
156.2779999,15619,170460480,203227600,203161280,170393568,-83.12579346,-78.7999649
156.2357941,15615,170460336,203227712,203161424,170393440,-82.67641449,-78.58444214
156.2826843,15620,170460224,203227856,203161536,170393312,-82.87940216,-78.6830368
156.2686157,15618,170460096,203227456,203161152,170393168,-82.3099823,-78.30140686
156.2967682,15621,170460480,203227600,203161280,170393568,-82.50637817,-78.37364197
156.2826843,15620,170460352,203227712,203161408,170393440,-83.03357697,-78.74011993
156.2592316,15617,170460208,203227872,203161552,170393312,-82.98096466,-78.41940308
156.2779999,15619,170460080,203227488,203161168,170393184,-82.63915253,-78.19700623
156.2779999,15619,170460464,203227616,203161296,170393552,-82.9634552,-78.29814148
156.2779999,15619,170460336,203227744,203161424,170393424,-82.79450989,-77.99378204
156.3014526,15622,170460192,203227888,203161568,170393280,-83.47403717,-78.29245758
156.2498627,15616,170460048,203227504,203161200,170393152,-82.2299881,-78.62284088
156.2592316,15617,170460416,203227632,203161344,170393520,-82.72737122,-78.89336395
156.2826843,15620,170460304,203227776,203161456,170393392,-82.35131073,-78.33015442
156.2498627,15616,170460144,203227408,203161104,170393248,-82.40507507,-78.08653259
156.2639313,15618,170460016,203227568,203161232,170393120,-82.77926636,-78.32475281
156.2686157,15618,170460384,203227680,203161376,170393472,-82.82492828,-77.9407196
156.2404785,15616,170460256,203227808,203161504,170393360,-83.72142029,-78.58061981
156.3155212,15623,170460128,203227456,203161120,170393200,-82.59172058,-78.70656586
156.2639313,15618,170460480,203227584,203161280,170393568,-82.78356171,-78.66937256
156.2498627,15616,170460320,203227744,203161440,170393424,-82.79734039,-78.29782867
156.2686157,15618,170460192,203227888,203161568,170393280,-83.33480835,-78.36636353
156.2733154,15619,170460064,203227504,203161184,170393152,-82.36512756,-78.65574646
156.2826843,15620,170460432,203227648,203161328,170393520,-82.50994873,-78.54827118
156.2592316,15617,170460256,203227808,203161504,170393360,-82.60793304,-78.16391754
156.2639313,15618,170460128,203227440,203161120,170393216,-83.14202118,-78.26928711
156.2779999,15619,170460512,203227568,203161248,170393600,-82.30888367,-78.59783936
156.2639313,15618,170460352,203227728,203161408,170393440,-82.44851685,-78.34460449
156.2498627,15616,170460192,203227888,203161568,170393296,-82.80158997,-78.26750946
156.2686157,15618,170460064,203227504,203161184,170393152,-82.99261475,-78.01720428
156.2920685,15621,170460432,203227648,203161328,170393504,-82.47953033,-78.57679749
156.245163,15616,170460256,203227808,203161504,170393376,-82.41542053,-77.98377991
156.2779999,15619,170460128,203227424,203161120,170393216,-83.57197571,-78.39920807
156.2498627,15616,170460480,203227584,203161280,170393584,-82.61805725,-78.64216614
156.287384,15620,170460336,203227744,203161424,170393424,-82.67294312,-78.22859192
156.2639313,15618,170460192,203227872,203161568,170393280,-83.91352081,-78.5124054
156.2733154,15619,170460032,203227520,203161216,170393120,-82.60050201,-78.54637909
156.2826843,15620,170460400,203227680,203161360,170393472,-83.53775024,-78.50301361
156.2498627,15616,170460224,203227840,203161536,170393328,-82.63339996,-78.69674683
156.2217102,15614,170460064,203227488,203161184,170393184,-82.78395081,-78.08653259
156.2592316,15617,170460416,203227648,203161344,170393520,-82.61907959,-78.75997925
156.2920685,15621,170460272,203227824,203161488,170393360,-82.86221313,-78.11388397
156.2498627,15616,170460096,203227456,203161152,170393200,-82.33901215,-78.42308807
156.2639313,15618,170460448,203227632,203161312,170393552,-82.82538605,-77.98045349
156.2545471,15617,170460288,203227776,203161472,170393376,-82.69421387,-78.54069519
156.2826843,15620,170460128,203227424,203161120,170393216,-83.8833847,-78.84235382
156.2404785,15616,170460448,203227600,203161312,170393552,-83.44812012,-78.52935791
156.2967682,15621,170460288,203227792,203161472,170393376,-82.82582092,-78.74606323
156.2733154,15619,170460128,203227440,203161120,170393216,-83.77914429,-78.5236969
156.2826843,15620,170460464,203227616,203161296,170393552,-82.62238312,-78.11560059
156.2686157,15618,170460288,203227776,203161472,170393376,-83.20766449,-78.91806793
156.2592316,15617,170460128,203227424,203161120,170393216,-82.62181854,-78.93460846
156.2498627,15616,170460448,203227616,203161312,170393536,-83.61593628,-78.49551392
156.2686157,15618,170460272,203227824,203161488,170393376,-83.25826263,-78.39920807
156.2498627,15616,170460096,203227456,203161152,170393184,-83.10720062,-78.8302002
156.2592316,15617,170460416,203227648,203161344,170393520,-82.67391968,-78.59783936
156.2170258,15613,170460224,203227808,203161536,170393344,-82.42313385,-78.85658264
156.2779999,15619,170460208,203227872,203161552,170393296,-82.82931519,-78.0373764
156.2264099,15614,170460000,203227552,203161248,170393120,-83.08526611,-78.35728455
156.2357941,15615,170460320,203227728,203161440,170393424,-83.38762665,-78.64992523
156.2545471,15617,170460144,203227408,203161104,170393232,-83.23075104,-78.6830368
156.2076416,15612,170460448,203227584,203161312,170393568,-83.26490021,-78.82009888
156.2310944,15615,170460256,203227776,203161504,170393360,-83.19702148,-78.70459747
156.2498627,15616,170460080,203227472,203161168,170393168,-82.95717621,-78.51052094
156.2310944,15615,170460400,203227664,203161360,170393520,-82.67367554,-78.28710175
156.2264099,15614,170460208,203227856,203161552,170393328,-82.96105194,-78.33015442
156.2357941,15615,170460000,203227552,203161248,170393120,-82.75686646,-78.14833069
156.2545471,15617,170460320,203227744,203161440,170393408,-82.95339203,-78.11560059
156.2920685,15621,170460128,203227440,203161120,170393216,-83.52120209,-78.26750946
156.2545471,15617,170460448,203227632,203161312,170393536,-82.77682495,-78.76197052
156.2592316,15617,170460224,203227840,203161536,170393312,-82.81325531,-78.60743713
156.2639313,15618,170460032,203227520,203161216,170393120,-82.64821625,-78.43969727
156.2498627,15616,170460336,203227728,203161424,170393440,-82.40738678,-78.07971954
156.2592316,15617,170460128,203227424,203161120,170393232,-82.78796387,-78.25685883
156.2498627,15616,170460448,203227616,203161312,170393552,-82.90032959,-77.99878693
156.2733154,15619,170460256,203227824,203161504,170393344,-84.31713104,-78.84235382
156.2639313,15618,170460032,203227520,203161216,170393136,-82.54855347,-78.644104
156.245163,15616,170460336,203227728,203161424,170393440,-82.51750946,-78.32475281
156.2545471,15617,170460144,203227440,203161104,170393248,-82.76345825,-78.30319977
156.2264099,15614,170460448,203227616,203161312,170393568,-82.78109741,-78.03232574
156.2264099,15614,170460240,203227824,203161520,170393344,-82.52384186,-78.64216614
156.2920685,15621,170460032,203227536,203161216,170393120,-82.89681244,-78.48616028
156.2686157,15618,170460336,203227744,203161424,170393424,-82.68676758,-77.99545288
156.2404785,15616,170460112,203227456,203161136,170393216,-82.58676147,-78.65769196
156.2170258,15613,170460384,203227664,203161376,170393520,-82.41867065,-78.13796234
156.245163,15616,170460192,203227872,203161568,170393296,-83.86560822,-78.87697601
156.2779999,15619,170460480,203227600,203161280,170393568,-82.73939514,-78.53691101
156.2264099,15614,170460256,203227824,203161504,170393376,-83.29462433,-78.39920807
156.2264099,15614,170460016,203227520,203161232,170393136,-82.32575989,-78.28353119
156.2404785,15616,170460320,203227760,203161440,170393424,-83.4372406,-78.52747345
156.2779999,15619,170460080,203227472,203161168,170393168,-82.3412323,-78.19581604
156.2920685,15621,170460384,203227712,203161376,170393472,-82.35217285,-78.59783936
156.2545471,15617,170460128,203227424,203161120,170393248,-82.75099182,-78.25685883
156.2592316,15617,170460416,203227664,203161344,170393520,-82.17897034,-78.16738892
156.2310944,15615,170460176,203227904,203161584,170393296,-82.18273163,-78.35728455
156.2357941,15615,170460464,203227616,203161296,170393568,-82.41125488,-77.93248749
156.2592316,15617,170460224,203227856,203161536,170393328,-82.69929504,-78.42124176
156.245163,15616,170460480,203227584,203161280,170393584,-82.40732574,-78.62284088
156.2826843,15620,170460256,203227824,203161504,170393360,-82.37808228,-78.6170578
156.2545471,15617,170460016,203227536,203161232,170393104,-83.39567566,-78.46379852
156.2545471,15617,170460288,203227792,203161472,170393392,-82.63526154,-78.37545776
156.2592316,15617,170460032,203227536,203161216,170393152,-82.20068359,-78.29782867
156.2967682,15621,170460320,203227776,203161440,170393424,-82.49706268,-78.70459747
156.2592316,15617,170460064,203227504,203161184,170393168,-83.02947235,-78.20401001
156.2498627,15616,170460336,203227744,203161424,170393440,-82.53088379,-78.32655334
156.2310944,15615,170460080,203227472,203161168,170393200,-82.84944153,-78.51052094
156.2545471,15617,170460368,203227712,203161392,170393472,-82.35438538,-78.4341507
156.2592316,15617,170460112,203227440,203161136,170393216,-82.43170166,-78.68108368
156.2639313,15618,170460384,203227696,203161376,170393488,-83.24908447,-78.2906723
156.2779999,15619,170460144,203227440,203161104,170393232,-83.3429718,-78.38822937
156.2545471,15617,170460400,203227680,203161360,170393504,-82.2525177,-78.07801819
156.245163,15616,170460160,203227392,203161088,170393264,-82.51403809,-78.45636749
156.2404785,15616,170460416,203227648,203161344,170393536,-82.69748688,-78.74011993
156.2639313,15618,170460176,203227904,203161584,170393280,-82.4987793,-78.68891144
156.2592316,15617,170460448,203227632,203161312,170393552,-82.38700104,-78.71050262
156.2592316,15617,170460208,203227872,203161552,170393296,-83.43698883,-78.57871246
156.2779999,15619,170460464,203227632,203161296,170393568,-82.71649933,-78.20575714
156.2686157,15618,170460208,203227872,203161552,170393312,-82.16416168,-78.10874176
156.287384,15620,170460496,203227600,203161264,170393584,-82.21669006,-78.16738892
156.2545471,15617,170460224,203227840,203161536,170393328,-82.44793701,-78.56536865
156.2404785,15616,170459984,203227584,203161264,170393088,-82.21982574,-78.35002899
156.2733154,15619,170460256,203227808,203161504,170393344,-83.47356415,-78.44154358
156.2733154,15619,170460016,203227568,203161232,170393120,-82.6835556,-78.29245758
156.2733154,15619,170460272,203227792,203161488,170393360,-83.12793732,-78.62863159
156.2264099,15614,170460016,203227520,203161232,170393136,-82.07878113,-78.27284241
156.2686157,15618,170460304,203227776,203161456,170393392,-82.00923157,-78.36454773
156.2264099,15614,170460048,203227504,203161200,170393152,-82.07037354,-78.5501709
156.2404785,15616,170460320,203227744,203161440,170393424,-83.74736786,-78.81203461
156.287384,15620,170460080,203227504,203161168,170393168,-82.88040161,-78.26928711
156.2498627,15616,170460336,203227728,203161424,170393440,-82.67665863,-78.47309875
156.2404785,15616,170460080,203227472,203161168,170393200,-82.16542816,-78.23387909
156.245163,15616,170460368,203227696,203161392,170393472,-82.75987244,-78.76396179
156.2310944,15615,170460096,203227440,203161152,170393216,-82.35097504,-78.65963745
156.2404785,15616,170460368,203227696,203161392,170393488,-83.12897491,-78.26928711
156.2733154,15619,170460144,203227424,203161104,170393232,-82.76602173,-78.05764771
156.2357941,15615,170460400,203227664,203161360,170393504,-82.37184906,-78.10018921
156.245163,15616,170460160,203227392,203161088,170393264,-82.80181885,-78.62863159
156.2404785,15616,170460432,203227632,203161328,170393552,-83.32983398,-78.46751404
156.2686157,15618,170460208,203227872,203161552,170393312,-82.70333862,-78.21101379
156.287384,15620,170460496,203227584,203161264,170393584,-82.3948288,-78.5940094
156.2733154,15619,170460272,203227808,203161488,170393376,-82.6231308,-78.1882782
156.2264099,15614,170460032,203227504,203161216,170393152,-82.41308594,-78.54637909
156.2310944,15615,170460336,203227728,203161424,170393440,-82.75959778,-78.31755066
156.3061371,15622,170460128,203227456,203161120,170393200,-82.37291718,-78.41940308
156.245163,15616,170460400,203227664,203161360,170393504,-82.50610352,-78.21101379
156.2779999,15619,170460192,203227888,203161568,170393280,-82.46054077,-78.56536865
156.2404785,15616,170460448,203227616,203161312,170393568,-83.08117676,-78.49364471
156.2733154,15619,170460224,203227856,203161536,170393328,-82.78633881,-78.48989868
156.245163,15616,170460480,203227584,203161280,170393600,-82.10498047,-78.25863647
156.2592316,15617,170460256,203227824,203161504,170393360,-83.05905151,-78.19176483
156.2545471,15617,170460016,203227536,203161232,170393120,-82.95888519,-78.38092804
156.2545471,15617,170460272,203227792,203161488,170393376,-82.35670471,-78.06781769
156.2733154,15619,170460064,203227504,203161184,170393152,-82.6151886,-78.72627258
156.2826843,15620,170460336,203227744,203161424,170393424,-82.65510559,-78.10874176
156.2826843,15620,170460096,203227456,203161152,170393184,-82.60222626,-78.44524384
156.2545471,15617,170460384,203227696,203161376,170393488,-82.47892761,-78.57679749
156.2545471,15617,170460128,203227424,203161120,170393232,-83.10883331,-78.25154877
156.245163,15616,170460400,203227680,203161360,170393504,-82.40020752,-78.03401184
156.2733154,15619,170460160,203227904,203161600,170393248,-82.73323059,-78.58634949
156.2686157,15618,170460432,203227648,203161328,170393536,-82.24493408,-78.5388031
156.2357941,15615,170460176,203227872,203161584,170393296,-83.05882263,-78.16391754
156.2920685,15621,170460464,203227616,203161296,170393552,-83.05177307,-78.42492676
156.245163,15616,170460208,203227872,203161552,170393312,-82.62226105,-78.15351868
156.2686157,15618,170460464,203227616,203161296,170393568,-83.02212524,-78.48989868
156.2639313,15618,170460224,203227856,203161536,170393312,-82.34025574,-78.15525055
156.2733154,15619,170460496,203227584,203161264,170393584,-82.41070557,-78.39737701
156.2967682,15621,170460240,203227840,203161520,170393328,-82.52390289,-78.57489014
156.2545471,15617,170460000,203227552,203161248,170393104,-82.94210052,-78.16738892
156.287384,15620,170460288,203227808,203161472,170393376,-83.2748642,-78.50301361
156.2498627,15616,170460016,203227520,203161232,170393120,-83.28083038,-78.76794434
156.2404785,15616,170460288,203227776,203161472,170393392,-82.59649658,-78.57489014
156.2498627,15616,170460032,203227520,203161216,170393136,-82.4234314,-78.55966187
156.2217102,15614,170460304,203227744,203161456,170393424,-83.11144257,-78.23564148
156.2357941,15615,170460064,203227488,203161184,170393184,-82.59980774,-78.20401001
156.287384,15620,170460352,203227712,203161408,170393440,-82.72161102,-78.68695068
156.2733154,15619,170460128,203227440,203161120,170393216,-82.49191284,-78.59976196
156.245163,15616,170460384,203227696,203161376,170393488,-82.88691711,-78.11560059
156.2592316,15617,170460128,203227424,203161120,170393232,-82.46699524,-77.96054077
156.2920685,15621,170460400,203227696,203161360,170393488,-82.77986145,-78.23917389
156.2264099,15614,170460128,203227408,203161120,170393248,-83.18851471,-78.41756439
156.2920685,15621,170460400,203227680,203161360,170393488,-82.86907959,-78.29961395
156.2592316,15617,170460144,203227424,203161104,170393248,-82.96272278,-78.29245758
156.245163,15616,170460384,203227680,203161376,170393504,-83.12717438,-78.41388702
156.2310944,15615,170460128,203227424,203161120,170393232,-82.94513702,-78.23740387
156.245163,15616,170460384,203227680,203161376,170393472,-83.67386627,-78.44894409
156.2686157,15618,170460128,203227440,203161120,170393232,-83.27357483,-78.4824295
156.2639313,15618,170460384,203227696,203161376,170393488,-83.64798737,-78.40470886
156.2639313,15618,170460112,203227440,203161136,170393216,-82.16023254,-78.5940094
156.2217102,15614,170460368,203227680,203161392,170393472,-82.34292603,-78.67717743
156.287384,15620,170460112,203227456,203161136,170393216,-82.48126221,-78.49364471
156.2733154,15619,170460352,203227728,203161408,170393456,-82.80024719,-78.5236969
156.2592316,15617,170460096,203227472,203161152,170393200,-82.37319946,-78.0390625
156.2686157,15618,170460336,203227744,203161424,170393424,-83.45558929,-78.32295227
156.2264099,15614,170460048,203227504,203161200,170393152,-82.60916901,-78.82817841
156.2217102,15614,170460272,203227776,203161488,170393392,-82.88912201,-78.61513519
156.2592316,15617,170460016,203227568,203161232,170393120,-83.25762939,-78.4805603
156.2545471,15617,170460240,203227824,203161520,170393344,-82.73542786,-78.77193451
156.2498627,15616,170460448,203227616,203161312,170393552,-82.75778198,-78.20575714
156.2310944,15615,170460160,203227904,203161600,170393280,-82.27439117,-78.39920807
156.2686157,15618,170460400,203227680,203161360,170393504,-82.64955902,-78.23917389
156.2592316,15617,170460128,203227440,203161120,170393232,-82.39337921,-78.48616028
156.2920685,15621,170460336,203227760,203161424,170393424,-83.19992065,-78.3937149
156.245163,15616,170460016,203227536,203161232,170393136,-82.72593689,-78.35002899
156.2498627,15616,170460240,203227824,203161520,170393360,-82.46971893,-78.60359955
156.2826843,15620,170460464,203227632,203161296,170393568,-82.96659851,-78.28710175
156.2686157,15618,170460160,203227424,203161088,170393264,-82.79832458,-78.37545776
156.2686157,15618,170460384,203227696,203161376,170393488,-82.28131104,-78.5501709
156.2686157,15618,170460080,203227488,203161168,170393168,-83.45282745,-78.49739075
156.2310944,15615,170460288,203227776,203161472,170393408,-82.91540527,-78.72429657
156.2592316,15617,170459984,203227584,203161264,170393104,-82.16464996,-78.3937149
156.2310944,15615,170460192,203227872,203161568,170393296,-83.32270813,-78.41388702
156.245163,15616,170460384,203227664,203161376,170393488,-83.46578979,-78.45636749
156.2639313,15618,170460080,203227472,203161168,170393184,-82.46399689,-78.01552582
156.2733154,15619,170460288,203227808,203161472,170393408,-82.73950195,-78.28531647
156.2592316,15617,170460496,203227584,203161264,170393600,-82.36201477,-78.41572571
156.245163,15616,170460192,203227872,203161568,170393296,-82.49781799,-78.90963745
156.2545471,15617,170460384,203227696,203161376,170393504,-83.19680023,-78.45636749
156.2404785,15616,170460064,203227488,203161184,170393184,-83.14076233,-78.23035431
156.2498627,15616,170460256,203227824,203161504,170393376,-83.20665741,-78.34641266
156.2545471,15617,170460448,203227632,203161312,170393552,-83.08883667,-78.36817932
156.2639313,15618,170460128,203227440,203161120,170393232,-83.0900116,-78.00547791
156.2639313,15618,170460320,203227760,203161440,170393424,-82.46727753,-78.62091064
156.2310944,15615,170459968,203227600,203161280,170393088,-82.73363495,-78.48989868
156.2779999,15619,170460160,203227424,203161088,170393264,-82.55780792,-78.11903381
156.2733154,15619,170460336,203227744,203161424,170393424,-83.56887817,-78.46565247
156.2217102,15614,170459984,203227584,203161264,170393120,-82.26743317,-78.5124054
156.287384,15620,170460176,203227920,203161584,170393280,-82.89849091,-78.5124054
156.245163,15616,170460336,203227744,203161424,170393440,-82.6040802,-78.26928711
156.2264099,15614,170459984,203227568,203161264,170393104,-83.16625977,-78.20575714
156.2264099,15614,170460160,203227408,203161088,170393280,-82.36812592,-78.20050812
156.2826843,15620,170460336,203227744,203161424,170393424,-82.99516296,-78.31575775
156.3014526,15622,170460512,203227584,203161248,170393600,-82.68865967,-78.4786911
156.2826843,15620,170460144,203227440,203161104,170393248,-82.9533844,-78.19875336
156.2592316,15617,170460288,203227792,203161472,170393408,-82.93289948,-78.5086441
156.2920685,15621,170460464,203227632,203161296,170393552,-83.11742401,-78.21804047
156.245163,15616,170460080,203227472,203161168,170393184,-82.90566254,-78.43784332
156.2264099,15614,170460224,203227824,203161536,170393344,-82.65242004,-78.83627319
156.2404785,15616,170460384,203227696,203161376,170393504,-83.31034088,-78.41940308
156.2592316,15617,170460032,203227536,203161216,170393136,-82.25765991,-78.02728271
156.2404785,15616,170460176,203227888,203161584,170393280,-82.74941254,-78.7999649
156.2592316,15617,170460320,203227760,203161440,170393424,-83.41606903,-78.1760788
156.2639313,15618,170460464,203227616,203161296,170393552,-83.34424591,-78.44709778
156.2592316,15617,170460096,203227472,203161152,170393216,-82.65453339,-78.43045807
156.2826843,15620,170460240,203227856,203161520,170393344,-82.80525208,-78.53313446
156.2498627,15616,170460368,203227712,203161392,170393472,-82.40274811,-78.43599701
156.2498627,15616,170460000,203227568,203161248,170393104,-83.43840027,-78.33556366
156.2404785,15616,170460128,203227424,203161120,170393248,-82.87792206,-78.11903381
156.287384,15620,170460272,203227808,203161488,170393376,-82.7135849,-78.25863647
156.2498627,15616,170460400,203227680,203161360,170393520,-82.82471466,-78.28888702
156.2686157,15618,170460016,203227552,203161232,170393104,-82.68416595,-78.1760788
156.2779999,15619,170460144,203227440,203161104,170393248,-83.19982147,-78.39920807
156.2310944,15615,170460256,203227808,203161504,170393376,-82.80691528,-78.1173172
156.2545471,15617,170460384,203227696,203161376,170393488,-83.20618439,-78.31755066
156.2264099,15614,170459984,203227568,203161264,170393104,-82.33901215,-78.47123718
156.2498627,15616,170460112,203227456,203161136,170393216,-82.82450104,-78.74804688
156.2639313,15618,170460240,203227856,203161520,170393344,-82.72776794,-78.4786911
156.2592316,15617,170460336,203227728,203161424,170393456,-82.55196381,-78.10360718
156.2779999,15619,170460464,203227632,203161296,170393552,-82.20778656,-78.58444214
156.245163,15616,170460064,203227504,203161184,170393168,-82.67008972,-78.84844971
156.2264099,15614,170460160,203227904,203161600,170393280,-82.92835999,-78.61320496
156.2404785,15616,170460272,203227808,203161488,170393392,-83.22070313,-78.47123718
156.287384,15620,170460384,203227696,203161376,170393488,-83.54672241,-78.42124176
156.2592316,15617,170459984,203227600,203161264,170393088,-82.80839539,-78.49551392
156.2733154,15619,170460080,203227504,203161168,170393184,-82.93468475,-78.31755066
156.2733154,15619,170460192,203227888,203161568,170393296,-82.51847839,-78.55966187
156.2826843,15620,170460304,203227792,203161456,170393392,-83.241539,-78.59592438
156.2639313,15618,170460384,203227696,203161376,170393504,-83.45550537,-78.4786911
156.2498627,15616,170459968,203227600,203161280,170393088,-82.56986237,-78.25508881
156.2733154,15619,170460080,203227488,203161168,170393168,-83.60829163,-78.56917572
156.2639313,15618,170460160,203227920,203161600,170393280,-82.93283081,-78.53502655
156.287384,15620,170460272,203227824,203161488,170393360,-83.41764069,-78.50113678
156.2217102,15614,170460336,203227728,203161424,170393456,-83.12386322,-78.63249207
156.2498627,15616,170460448,203227632,203161312,170393552,-82.4493103,-78.74011993
156.3014526,15622,170460032,203227552,203161216,170393136,-83.221138,-78.64216614
156.2639313,15618,170460128,203227456,203161120,170393232,-82.34155273,-78.42861176
156.2545471,15617,170460208,203227872,203161552,170393328,-82.37307739,-78.02728271
156.2545471,15617,170460304,203227776,203161456,170393424,-82.54117584,-78.57489014
156.287384,15620,170460400,203227696,203161360,170393504,-83.17059326,-78.43969727
156.2592316,15617,170460480,203227600,203161280,170393584,-82.24950409,-78.07971954
156.2686157,15618,170460064,203227504,203161184,170393184,-82.37727356,-78.56536865
156.2498627,15616,170460144,203227424,203161104,170393248,-83.27144623,-78.5086441
156.2826843,15620,170460240,203227840,203161520,170393344,-83.10671997,-78.78793335
156.2779999,15619,170460320,203227760,203161440,170393408,-82.52733612,-78.86676788
156.245163,15616,170460400,203227680,203161360,170393504,-83.02901459,-78.30678558
156.3014526,15622,170460496,203227600,203161264,170393584,-82.43048096,-78.1362381
156.2639313,15618,170460064,203227520,203161184,170393168,-82.59712219,-78.66158295
156.2826843,15620,170460144,203227440,203161104,170393248,-83.53074646,-78.41204834
156.2357941,15615,170460192,203227872,203161568,170393312,-83.27043152,-78.35365295
156.2686157,15618,170460288,203227808,203161472,170393392,-82.87728882,-78.31395721
156.2920685,15621,170460368,203227728,203161392,170393472,-82.50227356,-78.131073
156.2217102,15614,170460400,203227664,203161360,170393536,-82.41259766,-78.18653107
156.2498627,15616,170460480,203227616,203161280,170393600,-83.01267242,-78.44709778
156.2310944,15615,170460032,203227536,203161216,170393152,-82.23623657,-78.12763214
156.2779999,15619,170460112,203227456,203161136,170393200,-83.02069855,-78.85250854
156.2826843,15620,170460176,203227920,203161584,170393280,-82.79812622,-78.54069519
156.2357941,15615,170460224,203227856,203161536,170393360,-82.40389252,-78.33015442
156.2686157,15618,170460304,203227792,203161456,170393408,-82.93882751,-78.49925995
156.2826843,15620,170460352,203227744,203161408,170393456,-82.65078735,-78.1259079
156.2920685,15621,170460416,203227680,203161344,170393520,-82.61973572,-78.17086029
156.2498627,15616,170460464,203227616,203161296,170393584,-82.42287445,-78.1778183
156.287384,15620,170460032,203227552,203161216,170393120,-82.64744568,-78.1362381
156.2498627,15616,170460080,203227488,203161168,170393184,-83.14826202,-78.37000275
156.2592316,15617,170460128,203227456,203161120,170393248,-82.07025909,-78.18653107
156.2733154,15619,170460176,203227904,203161584,170393280,-82.45658875,-78.37910461
156.2170258,15613,170460224,203227840,203161536,170393344,-82.75195313,-78.52181244
156.2404785,15616,170460272,203227808,203161488,170393392,-82.62725067,-78.1795578
156.245163,15616,170460320,203227760,203161440,170393456,-83.19082642,-78.33376312
156.2357941,15615,170460368,203227712,203161392,170393488,-82.54654694,-78.47682953
156.2733154,15619,170460432,203227648,203161328,170393520,-82.85430145,-78.66352844
156.2592316,15617,170460464,203227616,203161296,170393584,-83.39709473,-78.48802948
156.2545471,15617,170460000,203227568,203161248,170393120,-83.44017029,-78.47309875
156.2592316,15617,170460048,203227520,203161200,170393168,-82.9183197,-78.63056183
156.2498627,15616,170460080,203227488,203161168,170393200,-83.41223907,-78.53124237
156.2592316,15617,170460128,203227440,203161120,170393248,-82.58403778,-78.65769196
156.2357941,15615,170460144,203227408,203161104,170393264,-82.55337524,-78.13969421
156.2826843,15620,170460192,203227888,203161568,170393280,-82.75408173,-78.76794434
156.2592316,15617,170460208,203227872,203161552,170393328,-82.42845917,-77.9440155
156.245163,15616,170460224,203227840,203161536,170393344,-82.49715424,-78.41572571
156.2404785,15616,170460256,203227808,203161504,170393376,-82.98812866,-78.25508881
156.2592316,15617,170460304,203227776,203161456,170393424,-83.12814331,-78.83830261
156.2592316,15617,170460320,203227760,203161440,170393424,-83.465065,-78.3937149
156.2639313,15618,170460352,203227744,203161408,170393472,-83.00827026,-78.40103912
156.245163,15616,170460368,203227696,203161392,170393472,-82.9354248,-78.8342514
156.287384,15620,170460400,203227696,203161360,170393504,-83.23384094,-78.28888702
156.2498627,15616,170460400,203227696,203161360,170393520,-83.2947464,-78.44338989
156.2967682,15621,170460416,203227680,203161344,170393520,-82.70587158,-78.22331238
156.2076416,15612,170460416,203227648,203161344,170393552,-82.86575317,-78.68695068
156.2779999,15619,170460432,203227648,203161328,170393536,-82.40782166,-78.32295227
156.287384,15620,170460448,203227648,203161312,170393552,-82.38976288,-78.46193695
156.2639313,15618,170460464,203227632,203161296,170393568,-83.09573364,-78.23035431
156.245163,15616,170460464,203227616,203161296,170393568,-83.40947723,-78.45079803
156.2779999,15619,170460464,203227632,203161296,170393584,-82.90480804,-78.35546875
156.2686157,15618,170460464,203227616,203161296,170393584,-83.20796967,-78.45822144
156.2733154,15619,170460480,203227616,203161280,170393584,-82.52929688,-78.08653259
156.2686157,15618,170460480,203227600,203161280,170393584,-83.20569611,-78.47682953
156.2733154,15619,170460480,203227600,203161280,170393584,-83.1754303,-78.5940094
156.2826843,15620,170460480,203227600,203161280,170393568,-83.12337494,-78.49364471
156.2404785,15616,170460464,203227616,203161296,170393584,-82.51358795,-78.00045776
156.2592316,15617,170460464,203227616,203161296,170393568,-83.29180145,-78.44154358
156.2498627,15616,170460464,203227616,203161296,170393584,-82.72868347,-78.06781769
156.2592316,15617,170460464,203227616,203161296,170393568,-83.38845825,-78.36636353
156.2592316,15617,170460448,203227632,203161312,170393568,-82.51593781,-78.91806793
156.2545471,15617,170460448,203227648,203161312,170393552,-82.59936523,-78.71640778
156.2639313,15618,170460432,203227664,203161328,170393552,-83.18019104,-78.70656586
156.2592316,15617,170460400,203227680,203161360,170393520,-82.74827576,-78.24623871
156.2310944,15615,170460384,203227680,203161376,170393504,-83.72168732,-78.46937561
156.2733154,15619,170460384,203227712,203161376,170393488,-82.6754837,-78.48429108
156.2639313,15618,170460352,203227728,203161408,170393456,-82.37767792,-78.16738892
156.2498627,15616,170460336,203227760,203161424,170393456,-83.10934448,-78.19875336
156.287384,15620,170460320,203227776,203161440,170393424,-82.74193573,-78.57871246
156.2733154,15619,170460288,203227824,203161472,170393408,-82.88083649,-78.22155762
156.3014526,15622,170460272,203227840,203161488,170393376,-82.41475677,-78.38092804
156.2639313,15618,170460240,203227856,203161520,170393360,-82.93995667,-78.43784332
156.245163,15616,170460192,203227888,203161568,170393312,-83.29991913,-78.44524384
156.2264099,15614,170460160,203227920,203161600,170393296,-82.81000519,-78.63636017
156.2733154,15619,170460144,203227440,203161104,170393248,-83.08479309,-78.02223969
156.2029572,15612,170460096,203227472,203161152,170393232,-83.04563904,-78.65963745
156.2920685,15621,170460080,203227520,203161168,170393184,-82.58728027,-78.73616028
156.2310944,15615,170460016,203227552,203161232,170393152,-83.1415863,-78.46193695
156.245163,15616,170459984,203227584,203161264,170393104,-82.76589966,-78.64216614
156.2639313,15618,170460448,203227632,203161312,170393552,-83.69502258,-78.34279633
156.245163,15616,170460416,203227664,203161344,170393536,-82.96396637,-78.39737701
156.2170258,15613,170460352,203227712,203161408,170393488,-83.21625519,-78.99511719
156.2264099,15614,170460320,203227760,203161440,170393440,-82.62208557,-78.924263
156.245163,15616,170460272,203227808,203161488,170393392,-82.90687561,-78.06272888
156.2733154,15619,170460224,203227856,203161536,170393344,-82.91744995,-78.48802948
156.2545471,15617,170460176,203227904,203161584,170393296,-82.62608337,-78.59592438
156.2264099,15614,170460128,203227440,203161120,170393248,-82.50230408,-78.59783936
156.2639313,15618,170460080,203227504,203161168,170393184,-83.43528748,-78.56726837
156.2733154,15619,170460032,203227536,203161216,170393136,-83.27671814,-78.47309875
156.2826843,15620,170460496,203227584,203161264,170393600,-83.10585022,-78.71050262
156.2404785,15616,170460416,203227664,203161344,170393552,-82.88722229,-78.54637909
156.2592316,15617,170460384,203227712,203161376,170393488,-82.707901,-78.70067596
156.2592316,15617,170460320,203227776,203161440,170393440,-82.45708466,-78.52747345
156.2826843,15620,170460272,203227840,203161488,170393376,-82.1496582,-78.25154877
156.2733154,15619,170460208,203227888,203161552,170393312,-83.46334839,-78.29425049
156.2498627,15616,170460144,203227440,203161104,170393264,-83.1087265,-78.05426788
156.2545471,15617,170460080,203227488,203161168,170393184,-82.86434174,-78.14141846
156.2639313,15618,170460016,203227568,203161232,170393136,-83.1508255,-78.40287018
156.2545471,15617,170460464,203227616,203161296,170393584,-82.89334869,-78.15351868
156.2733154,15619,170460400,203227696,203161360,170393504,-83.32933807,-78.26040649
156.2404785,15616,170460320,203227744,203161440,170393440,-84.01803589,-78.56726837
156.2404785,15616,170460256,203227824,203161504,170393392,-82.49224091,-78.82414246
156.245163,15616,170460192,203227888,203161568,170393312,-82.48816681,-78.59592438
156.2779999,15619,170460128,203227472,203161120,170393232,-82.92870331,-78.58444214
156.245163,15616,170460048,203227536,203161200,170393168,-82.925354,-78.43784332
156.1982574,15611,170460448,203227600,203161312,170393600,-82.53578949,-78.1882782
156.2217102,15614,170460400,203227680,203161360,170393520,-83.15274048,-78.37364197
156.2826843,15620,170460336,203227760,203161424,170393440,-82.47805786,-78.6170578
156.2264099,15614,170460240,203227840,203161520,170393360,-82.6855545,-78.62091064
156.2733154,15619,170460176,203227936,203161584,170393296,-82.47418976,-78.15871429
156.2592316,15617,170460080,203227504,203161168,170393184,-83.34445953,-78.17433929
156.2686157,15618,170460000,203227584,203161248,170393120,-82.36867523,-78.39006042
156.2826843,15620,170460416,203227680,203161344,170393536,-82.91178894,-78.31216431
156.245163,15616,170460320,203227760,203161440,170393440,-83.23168945,-78.35002899
156.2779999,15619,170460256,203227856,203161504,170393376,-82.34053802,-78.24093628
156.2686157,15618,170460160,203227424,203161088,170393264,-82.41600037,-77.96385193
156.2357941,15615,170460064,203227504,203161184,170393168,-82.69219208,-78.86064911
156.2545471,15617,170460480,203227616,203161280,170393600,-82.89232635,-78.29782867
156.2733154,15619,170460400,203227712,203161360,170393520,-82.32907867,-78.54069519
156.2639313,15618,170460304,203227792,203161456,170393408,-83.07078552,-78.69282532
156.2779999,15619,170460192,203227888,203161568,170393296,-82.26979065,-78.45636749
156.2404785,15616,170460096,203227488,203161152,170393232,-82.88767242,-78.34460449
156.2639313,15618,170460016,203227568,203161232,170393120,-82.55701447,-78.86473083
156.2686157,15618,170460416,203227680,203161344,170393520,-83.28755951,-78.51052094
156.2357941,15615,170460304,203227792,203161456,170393424,-82.85985565,-78.46193695
156.2639313,15618,170460208,203227888,203161552,170393312,-82.36716461,-78.67327118
156.2779999,15619,170460096,203227504,203161152,170393216,-82.95947266,-78.37910461
156.2592316,15617,170459984,203227584,203161264,170393104,-82.9962616,-78.81203461
156.2967682,15621,170460400,203227712,203161360,170393504,-82.44639587,-78.52181244
156.2498627,15616,170460272,203227808,203161488,170393392,-82.93347168,-78.1900177
156.2404785,15616,170460160,203227936,203161600,170393296,-82.54227448,-78.10874176
156.2779999,15619,170460048,203227536,203161200,170393168,-82.92811584,-78.50489044
156.2639313,15618,170460448,203227648,203161312,170393568,-82.69021606,-78.68498993
156.2498627,15616,170460320,203227760,203161440,170393440,-82.47058868,-78.51805115
156.2310944,15615,170460208,203227872,203161552,170393328,-84.00798798,-78.56536865
156.245163,15616,170460080,203227504,203161168,170393200,-83.42648315,-78.50676727
156.2639313,15618,170460480,203227616,203161280,170393600,-82.69936371,-77.93412781
156.2826843,15620,170460352,203227744,203161408,170393472,-82.49754333,-77.98045349
156.2639313,15618,170460224,203227888,203161536,170393344,-83.13569641,-78.46379852
156.2592316,15617,170460112,203227488,203161136,170393232,-82.44096375,-78.19176483
156.2686157,15618,170459968,203227632,203161280,170393088,-82.91261292,-78.26218414
156.2639313,15618,170460368,203227744,203161392,170393488,-82.53365326,-78.1795578
156.2545471,15617,170460224,203227872,203161536,170393360,-82.5745697,-78.05088043
156.2170258,15613,170460080,203227488,203161168,170393216,-83.52590179,-78.56726837
156.2264099,15614,170459952,203227616,203161296,170393088,-83.07814789,-78.35728455
156.2357941,15615,170460336,203227760,203161424,170393456,-83.064888,-78.12934875
156.2592316,15617,170460192,203227888,203161568,170393312,-83.3754425,-78.10874176
156.2686157,15618,170460080,203227504,203161168,170393200,-82.56565094,-78.62670135
156.2779999,15619,170460448,203227648,203161312,170393568,-82.43258667,-78.38822937
156.2826843,15620,170460304,203227792,203161456,170393408,-82.24658203,-78.01384735
156.2686157,15618,170460160,203227936,203161600,170393280,-83.33675385,-78.39006042
156.2545471,15617,170460016,203227568,203161232,170393136,-83.40489197,-78.35728455
156.2545471,15617,170460384,203227712,203161376,170393504,-82.4734726,-78.5388031
156.2686157,15618,170460240,203227856,203161520,170393360,-83.02987671,-78.67913055
156.2357941,15615,170460080,203227488,203161168,170393200,-82.75445557,-78.10360718
156.2920685,15621,170460448,203227648,203161312,170393552,-82.5620575,-78.5940094
156.2498627,15616,170460304,203227792,203161456,170393424,-82.52029419,-78.37000275
156.2310944,15615,170460144,203227424,203161104,170393264,-83.29135895,-78.49551392
156.2686157,15618,170460000,203227568,203161248,170393104,-82.48592377,-78.65380859
156.2404785,15616,170460352,203227744,203161408,170393488,-82.6435318,-78.36454773
156.2826843,15620,170460208,203227904,203161552,170393328,-83.28720093,-78.37728119
156.245163,15616,170460048,203227520,203161200,170393184,-83.13144684,-78.93254089
156.2733154,15619,170460416,203227680,203161344,170393536,-83.03247833,-78.35184479
156.2686157,15618,170460256,203227840,203161504,170393376,-82.5092926,-78.53691101
156.2826843,15620,170460112,203227488,203161136,170393216,-83.045578,-78.37000275
156.2826843,15620,170460464,203227648,203161296,170393568,-82.47180176,-78.53502655
156.2779999,15619,170460304,203227792,203161456,170393408,-82.68498993,-78.42124176
156.2264099,15614,170460128,203227440,203161120,170393264,-82.47286987,-78.59976196
156.2733154,15619,170459984,203227600,203161264,170393088,-82.95966339,-78.47123718
156.2264099,15614,170460320,203227760,203161440,170393456,-82.51037598,-78.63636017
156.2826843,15620,170460176,203227920,203161584,170393280,-83.23670197,-78.63056183
156.2498627,15616,170460000,203227568,203161248,170393136,-82.43040466,-78.61128235
156.2639313,15618,170460352,203227744,203161408,170393472,-83.13495636,-78.44894409
156.2357941,15615,170460192,203227904,203161568,170393312,-82.46062469,-78.49739075
156.2498627,15616,170460016,203227552,203161232,170393136,-82.81770325,-78.13279724
156.2264099,15614,170460352,203227712,203161408,170393488,-82.88330078,-78.6170578
156.2826843,15620,170460208,203227904,203161552,170393312,-82.67787933,-78.70656586
156.2217102,15614,170460016,203227552,203161232,170393152,-82.7315979,-78.17433929
156.2170258,15613,170460368,203227728,203161392,170393504,-82.69023132,-78.52747345
156.2639313,15618,170460192,203227904,203161568,170393312,-82.42533112,-78.51992798
156.2545471,15617,170460032,203227568,203161216,170393168,-83.24163055,-78.5388031
156.287384,15620,170460384,203227728,203161376,170393488,-82.85939789,-78.35910034
156.2592316,15617,170460192,203227904,203161568,170393328,-82.53111267,-78.60551453
156.2498627,15616,170460016,203227552,203161232,170393136,-82.80326843,-78.1259079
156.2967682,15621,170460368,203227744,203161392,170393472,-82.23940277,-77.93907166
156.2310944,15615,170460176,203227904,203161584,170393312,-82.93338776,-78.72232056
156.3014526,15622,170460016,203227584,203161232,170393104,-82.47150421,-78.58826447
156.2592316,15617,170460336,203227776,203161424,170393472,-82.04270935,-78.14833069
156.2264099,15614,170460144,203227440,203161104,170393280,-82.92735291,-78.00882721
156.2357941,15615,170460464,203227632,203161296,170393600,-82.94923401,-78.38822937
156.2920685,15621,170460304,203227824,203161456,170393424,-82.65236664,-78.3103714
156.2170258,15613,170460096,203227472,203161152,170393232,-83.06446075,-78.58444214
156.2826843,15620,170460448,203227680,203161312,170393568,-82.12504578,-77.9440155
156.2310944,15615,170460240,203227856,203161520,170393376,-82.950737,-78.49739075
156.2404785,15616,170460048,203227536,203161200,170393168,-82.73149109,-78.44338989
